Dependency,Dependent,Devs,Fees
ethers-io (pkg),0x-splits,1.1428571428571428,0.0009487970078667603
ethers-io (pkg),0xbcamp,1.3333333333333335,0.0
ethers-io (pkg),1-inch,44.95906432748538,54.491026199601194
ethers-io (pkg),aave,239.4225941422594,6.402026363243442
ethers-io (pkg),abracadabra,12.100000000000001,0.40864136215163804
ethers-io (pkg),across,9.610169491525424,6.2667988164103425
ethers-io (pkg),acrypto-s,1.0,0.0002187129994317595
ethers-io (pkg),adrastia-oracle,0.6153846153846154,0.2887997023427119
ethers-io (pkg),aelin,0.8571428571428571,0.006089694102090642
ethers-io (pkg),agoraxyz,24.774193548387096,0.0
ethers-io (pkg),airgap-it,2.0,0.0
ethers-io (pkg),aktionariat,0.16666666666666666,8.333332525912699e-05
ethers-io (pkg),alchemix,1.846153846153846,0.03346143801697687
ethers-io (pkg),alliance-bridge,0.3333333333333333,3.820654666666667e-06
ethers-io (pkg),aloe-ii,1.3846153846153846,0.0031832188282371887
ethers-io (pkg),angle-protocol,17.43956043956044,3.561428140167866
ethers-io (pkg),another-world,0.8421052631578947,0.07422689951656268
ethers-io (pkg),arcadia-finance,0.4444444444444444,0.000960852480036696
ethers-io (pkg),arrakis-finance,3.226666666666667,0.20974533941125637
ethers-io (pkg),atxdao,0.23076923076923078,0.0
ethers-io (pkg),aura,1.3846153846153846,0.06980923669718689
ethers-io (pkg),avault,0.0,0.0646953506390439
ethers-io (pkg),aw-labs,0.18181818181818182,0.0
ethers-io (pkg),axelar,108.71052631578947,2.1911204653314433
ethers-io (pkg),backed,2.5789473684210527,0.6283793485841384
ethers-io (pkg),band-protocol,19.2,0.011200090432349426
ethers-io (pkg),bankless-academy,0.25,0.0
ethers-io (pkg),banklessdao,1.0,0.0
ethers-io (pkg),beamer-bridge,1.6,0.01326571189875254
ethers-io (pkg),beefy-finance,15.673469387755102,2.4182780957538945
ethers-io (pkg),beethoven-x,16.8,6.416753739926799
ethers-io (pkg),biconomy,63.71212121212121,5.2735811292060175
ethers-io (pkg),bitkeep,0.0,0.013355557593178635
ethers-io (pkg),blobscan,3.0,0.0
ethers-io (pkg),blocknative,3.3333333333333335,0.0
ethers-io (pkg),blockscout,1.6666666666666667,0.0
ethers-io (pkg),buidlguidl,1.954248366013072,0.0
ethers-io (pkg),candide-labs,2.142857142857143,0.0
ethers-io (pkg),celer,0.0,1.2352340498932337
ethers-io (pkg),chainlink,1.6923076923076923,1.4273963914082795
ethers-io (pkg),charmverse,2.6666666666666665,0.0
ethers-io (pkg),cliqueofficial,1.6666666666666667,0.0
ethers-io (pkg),commons-stack,0.75,0.0
ethers-io (pkg),connext,56.06666666666666,40.22737624811823
ethers-io (pkg),coordinape,0.5,0.04396625800629332
ethers-io (pkg),cozy-finance,0.14285714285714285,0.03725256717677328
ethers-io (pkg),curve,11.0,1.8058429423970779
ethers-io (pkg),d-hedge,0.0,5.429930425417736
ethers-io (pkg),dapp-learning-dao,0.29032258064516125,0.0
ethers-io (pkg),dappnode,4.612903225806452,0.0
ethers-io (pkg),dappykit,0.15000000000000002,0.0
ethers-io (pkg),de-bank,1.9,0.014207559326017744
ethers-io (pkg),debridge-finance,0.4307692307692308,0.0
ethers-io (pkg),decent,0.641025641025641,0.002107613566032458
ethers-io (pkg),decommas,0.07692307692307693,0.0
ethers-io (pkg),defi-llama,88.95348837209302,1.3458339893603413
ethers-io (pkg),defi-wonderland,0.21739130434782608,0.0
ethers-io (pkg),defiedge,0.64,0.002453216390988884
ethers-io (pkg),dexkit,0.5405405405405406,0.0
ethers-io (pkg),dforce-network,0.0,0.15689406050224367
ethers-io (pkg),dm3-protocol,0.4,0.0
ethers-io (pkg),edgeapp,4.666666666666667,0.0
ethers-io (pkg),elk-finance,0.5,0.0405605127352012
ethers-io (pkg),eth-infinitism-account-abstraction,0.14285714285714285,0.0
ethers-io (pkg),ethereansos,0.2857142857142857,0.0
ethers-io (pkg),ethereum-attestation-service,0.875,0.0
ethers-io (pkg),ethernautdao,0.2857142857142857,0.0
ethers-io (pkg),ethers-io,0.8333333333333333,0.0
ethers-io (pkg),exactly,3.1935483870967745,0.3252490149385734
ethers-io (pkg),filosofiacodigo,0.14705882352941177,0.0
ethers-io (pkg),flipside-crypto,4.64516129032258,0.0015467347644587317
ethers-io (pkg),footprintanalytics,1.5,0.0
ethers-io (pkg),forta-network,6.125,0.0
ethers-io (pkg),foundry,2.2,0.0
ethers-io (pkg),frame-floating,0.5,0.0
ethers-io (pkg),fraxfinance,0.4166666666666667,0.20077379866379252
ethers-io (pkg),fuji-finance,9.074074074074074,0.2334033927604626
ethers-io (pkg),galxe,0.2,1.4808024104822384
ethers-io (pkg),gelato,84.30484988452656,29.37716506704841
ethers-io (pkg),geo-web,1.4411764705882353,0.006475322774381247
ethers-io (pkg),gitcoin,57.857142857142854,2.601808279253393
ethers-io (pkg),givepraise,0.2222222222222222,0.0
ethers-io (pkg),giveth,2.4878048780487805,0.0
ethers-io (pkg),gov-w3hc,0.18181818181818182,0.0
ethers-io (pkg),grindery-io,1.5789473684210527,0.0
ethers-io (pkg),hai-on-op,1.6363636363636362,0.0
ethers-io (pkg),hamster-shared,2.8235294117647056,0.0
ethers-io (pkg),hashflow,2.1333333333333333,0.03336161074920941
ethers-io (pkg),herodotusdev,1.5789473684210527,0.0
ethers-io (pkg),holograph,2.962962962962963,0.6437027520088854
ethers-io (pkg),hop-protocol,15.022222222222222,1.1089837798762567
ethers-io (pkg),hundred-finance,0.0,0.040854775053031644
ethers-io (pkg),hypercerts,0.8421052631578947,0.09548918946999087
ethers-io (pkg),idle-finance,0.4787234042553191,0.0
ethers-io (pkg),imbue,6.0,0.0
ethers-io (pkg),infinity-keys,0.5,0.0
ethers-io (pkg),infinitywallet,0.6,0.0
ethers-io (pkg),insta-dapp,11.009523809523811,0.08952940446150952
ethers-io (pkg),insuredao,0.6944444444444444,2.6628970147668055e-05
ethers-io (pkg),interest-protocol,1.6666666666666667,0.0010450339150961288
ethers-io (pkg),inverse-finance,5.5227272727272725,2.6994917863636363e-05
ethers-io (pkg),iron-bank,0.5208333333333333,0.027851128258128927
ethers-io (pkg),itu-blockchain,1.44,0.0
ethers-io (pkg),jiffy-labs,3.0,0.0
ethers-io (pkg),kernel-community,0.17500000000000002,0.0
ethers-io (pkg),kiwi-news-attestate,0.5,0.0
ethers-io (pkg),kromatika-finance,0.0,0.029997330640714245
ethers-io (pkg),kwenta,25.64102564102564,57.839601085673145
ethers-io (pkg),kyber-swap,47.34782608695652,14.606910354194538
ethers-io (pkg),l2beat,4.615384615384616,0.0
ethers-io (pkg),latticexyz,1.0317460317460316,0.0
ethers-io (pkg),layer-zero,7.094890510948906,233.63667480597846
ethers-io (pkg),layerswap,0.75,0.0
ethers-io (pkg),lemma-finance,0.0,0.012940125187211044
ethers-io (pkg),lido,373.77777777777777,0.627133063686329
ethers-io (pkg),lifinance,131.25,0.00073128500625
ethers-io (pkg),limechain,2.9375,0.0
ethers-io (pkg),liquity,0.6666666666666666,0.0
ethers-io (pkg),locksmithwallet,0.5,0.0
ethers-io (pkg),lodestar-chainsafe,3.0,0.0
ethers-io (pkg),lyra-finance,7.3478260869565215,26.905296160494203
ethers-io (pkg),maker-dao,202.77227722772278,0.0
ethers-io (pkg),manifold,1.5,0.025567123160391964
ethers-io (pkg),mean-finance,12.134453781512605,0.005980043171422354
ethers-io (pkg),meson-fi,2.571428571428571,1.5614239305707558
ethers-io (pkg),metagame-metafam,1.5,0.0
ethers-io (pkg),metagov,2.0,0.0
ethers-io (pkg),metamask,540.9599999999999,18.581307960123
ethers-io (pkg),metronome-autonomoussoftware,0.625,0.0
ethers-io (pkg),mirror,0.0,0.08214958520947765
ethers-io (pkg),mummy-finance,0.0,0.775107521289624
ethers-io (pkg),mutualsupply,0.2857142857142857,0.0
ethers-io (pkg),mux-world,0.2,0.0
ethers-io (pkg),nested,0.0,1.716279829578111
ethers-io (pkg),nethermindeth,10.263157894736842,0.0
ethers-io (pkg),nftearth,1.171875,0.0
ethers-io (pkg),nifty-kit,1.6,0.030008779582254917
ethers-io (pkg),nodeguardians,0.125,0.0
ethers-io (pkg),oceanprotocol,6.3559322033898304,0.0
ethers-io (pkg),olympus,7.170731707317072,1.340294012195122e-05
ethers-io (pkg),omni-swap,0.16666666666666666,0.6294355551419413
ethers-io (pkg),omnibtc,0.8571428571428571,0.0
ethers-io (pkg),onlydustxyz,1.2727272727272727,0.0
ethers-io (pkg),op,194.4,80.34431551873419
ethers-io (pkg),open-sea,17.19402985074627,2.384132107694813
ethers-io (pkg),opensource-observer,1.5,0.0
ethers-io (pkg),openzeppelin,3.147286821705426,0.0
ethers-io (pkg),opti-domains,0.1935483870967742,0.0
ethers-io (pkg),orbiter-finance,35.714285714285715,0.030837993610891807
ethers-io (pkg),otterscan,3.0,0.0
ethers-io (pkg),otterspace-xyz,0.18181818181818182,0.0
ethers-io (pkg),overnight,6.095238095238095,4.350069428245685
ethers-io (pkg),pairwise-general-magic,0.9090909090909091,0.0
ethers-io (pkg),paraswap,34.714285714285715,9.19566088632961
ethers-io (pkg),pendle-finance,0.7868852459016393,0.0
ethers-io (pkg),perpetual-protocol,12.0,714.6158494681116
ethers-io (pkg),pickle-finance,0.0,0.09600796184562829
ethers-io (pkg),pika-protocol,0.7575757575757576,3.096582267385896
ethers-io (pkg),pokt-network,1.6666666666666667,0.0
ethers-io (pkg),polynomial-protocol,0.0,0.5060616927764707
ethers-io (pkg),polysensus-chaintrap,0.8333333333333333,0.0
ethers-io (pkg),pool-together,187.31796116504853,27.360699251538374
ethers-io (pkg),premiafinance,2.0588235294117645,0.0
ethers-io (pkg),protocol-guild,15.702702702702704,0.0
ethers-io (pkg),punk-domains,18.775862068965516,0.005736538718073094
ethers-io (pkg),pyth-network,3.0,0.0
ethers-io (pkg),qidao-mai-finance,0.5625,0.09033920537198471
ethers-io (pkg),questbook,1.12,0.0
ethers-io (pkg),quix,0.0,0.03409367047845541
ethers-io (pkg),rabbithole,2.4,4.119266356336792
ethers-io (pkg),rainbow,11.904761904761903,0.06256310180515684
ethers-io (pkg),rango-exchange,7.0,0.012406496708916814
ethers-io (pkg),rareskills,0.3018867924528302,0.0
ethers-io (pkg),redstone-finance,1.3432835820895521,0.0
ethers-io (pkg),remix-project,0.9,0.0
ethers-io (pkg),revert-finance,1.3333333333333333,0.39944720970077663
ethers-io (pkg),revoke-cash,0.14285714285714285,0.0
ethers-io (pkg),revolte-pgrandne,0.16666666666666666,0.0
ethers-io (pkg),rigo-block,1.2857142857142856,0.00015190424614285717
ethers-io (pkg),robo-labs,0.75,0.0
ethers-io (pkg),rocket-pool,31.695652173913047,0.0
ethers-io (pkg),roll-op-0xfableorg,2.0,0.0
ethers-io (pkg),rotki,9.0,0.0
ethers-io (pkg),router-protocol,8.91578947368421,0.7706577871433826
ethers-io (pkg),rubicon,6.0,0.8087780684913362
ethers-io (pkg),sablier,5.263157894736842,0.011573677702855676
ethers-io (pkg),saddle-finance,1.8,0.006783759763516509
ethers-io (pkg),safe-global,65.20754716981132,109.60049023059972
ethers-io (pkg),scope-lift,20.0,0.02999161246644867
ethers-io (pkg),set-protocol,1.265625,0.11088117808838299
ethers-io (pkg),shapeshift,1.826086956521739,0.0
ethers-io (pkg),sherlock-audit,0.5434782608695652,0.0
ethers-io (pkg),show-karma,0.7777777777777777,0.0
ethers-io (pkg),shutter-network,1.0,0.0
ethers-io (pkg),smallbraingames,0.2,0.0
ethers-io (pkg),snapshot-labs,2.4827586206896552,0.0
ethers-io (pkg),snekmate,0.3333333333333333,0.0
ethers-io (pkg),socket,22.588235294117645,15.45496577713661
ethers-io (pkg),sonne-finance,0.0,0.8733572453540317
ethers-io (pkg),sound-xyz,2.0,1.1346582393851898
ethers-io (pkg),sourcify-ethereum,3.0,0.0
ethers-io (pkg),sphinx-chugsplash,0.2727272727272727,0.0
ethers-io (pkg),stackup,2.45,2.919070180229e-07
ethers-io (pkg),stargate-finance,0.0,15.449924296909348
ethers-io (pkg),steer-protocol,0.0,0.011807002680008064
ethers-io (pkg),summer-fi,14.4,0.003219223506951803
ethers-io (pkg),superfluid,24.5,0.24414373119340485
ethers-io (pkg),sushi,64.65384615384616,11.331943708869622
ethers-io (pkg),symbiosis-finance,2.4,0.2667977397557912
ethers-io (pkg),synapse,21.333333333333332,1.6511496036774758
ethers-io (pkg),synthetix,371.0,307.5073783926658
ethers-io (pkg),taho-wallet,3.076923076923077,0.0
ethers-io (pkg),tarot-finance,0.0,1.1777097058883061
ethers-io (pkg),thales,31.70731707317073,19.985085463769497
ethers-io (pkg),third-web,207.6923076923077,5.339742178494993
ethers-io (pkg),threshold-network,6.25,0.06512949923016935
ethers-io (pkg),tide-protocol-fiveelementslabs,0.2,0.0
ethers-io (pkg),tokenbound,0.75,0.0
ethers-io (pkg),trusted-seed,1.2,0.0
ethers-io (pkg),turbo-eth,0.5128205128205128,0.0
ethers-io (pkg),umbra,0.25,0.012721360403086784
ethers-io (pkg),uniswap,167.0625,175.2399682736559
ethers-io (pkg),unlock-protocol,30.413793103448274,0.012756324774828524
ethers-io (pkg),upnodedev,0.8333333333333334,0.0
ethers-io (pkg),usecannon,0.8888888888888888,0.0
ethers-io (pkg),velodrome,0.2,3.2661362207949822
ethers-io (pkg),vesper,1.0666666666666667,1.0448728859548297
ethers-io (pkg),viaprize,1.3636363636363635,0.0
ethers-io (pkg),voteagora,0.42857142857142855,0.0
ethers-io (pkg),wagmi-dev,0.7058823529411764,0.0
ethers-io (pkg),warden-swap,0.0,0.0948197732743278
ethers-io (pkg),wido,0.78125,0.9050020342413962
ethers-io (pkg),wighawag,0.25,0.0
ethers-io (pkg),worldcoin,42.0,286.39622704189566
ethers-io (pkg),wormhole,250.0,2.888741416627034
ethers-io (pkg),wtfacademy,4.0,0.0
ethers-io (pkg),yearn,99.72847682119205,4.981043892597174
ethers-io (pkg),zerion,2.631578947368421,0.6627839059468822
ethers-io (pkg),zeroex,0.0,70.17990287372798
ethers-io (pkg),zora,35.199999999999996,0.3511746834002716
hardhat-nomicfoundation (pkg),0x-splits,1.1428571428571428,0.0009487970078667603
hardhat-nomicfoundation (pkg),0xbcamp,1.5757575757575757,0.0
hardhat-nomicfoundation (pkg),1-inch,22.643274853801167,27.44397157191153
hardhat-nomicfoundation (pkg),aave,82.84518828451883,2.2152340357243743
hardhat-nomicfoundation (pkg),abracadabra,4.9,0.16548286566471293
hardhat-nomicfoundation (pkg),across,11.864406779661017,7.73678866223499
hardhat-nomicfoundation (pkg),adrastia-oracle,1.8846153846153848,0.8844490884245552
hardhat-nomicfoundation (pkg),aelin,0.8571428571428571,0.006089694102090642
hardhat-nomicfoundation (pkg),agoraxyz,4.741935483870968,0.0
hardhat-nomicfoundation (pkg),aktionariat,0.16666666666666666,8.333332525912699e-05
hardhat-nomicfoundation (pkg),alchemix,3.282051282051282,0.059487000919069985
hardhat-nomicfoundation (pkg),alliance-bridge,0.3333333333333333,3.820654666666667e-06
hardhat-nomicfoundation (pkg),aloe-ii,0.15384615384615385,0.00035369098091524317
hardhat-nomicfoundation (pkg),angle-protocol,8.43956043956044,1.7234888542211224
hardhat-nomicfoundation (pkg),another-world,1.3157894736842104,0.11597953049462918
hardhat-nomicfoundation (pkg),arcadia-finance,1.7777777777777777,0.003843409920146784
hardhat-nomicfoundation (pkg),arrakis-finance,6.826666666666667,0.4437587346221622
hardhat-nomicfoundation (pkg),atxdao,0.2692307692307693,0.0
hardhat-nomicfoundation (pkg),aura,1.3846153846153846,0.06980923669718689
hardhat-nomicfoundation (pkg),avault,0.0,0.010351256102247023
hardhat-nomicfoundation (pkg),aw-labs,0.18181818181818182,0.0
hardhat-nomicfoundation (pkg),axelar,93.2017543859649,1.878532634886354
hardhat-nomicfoundation (pkg),backed,0.21052631578947367,0.051296273353807216
hardhat-nomicfoundation (pkg),band-protocol,0.3,0.0001750014130054598
hardhat-nomicfoundation (pkg),banklessdao,0.3333333333333333,0.0
hardhat-nomicfoundation (pkg),beefy-finance,15.673469387755102,2.4182780957538945
hardhat-nomicfoundation (pkg),beethoven-x,16.8,6.416753739926799
hardhat-nomicfoundation (pkg),biconomy,30.303030303030305,2.5082431054487597
hardhat-nomicfoundation (pkg),bitkeep,0.0,0.05342223037271454
hardhat-nomicfoundation (pkg),blockscout,3.3333333333333335,0.0
hardhat-nomicfoundation (pkg),buidlguidl,2.3790849673202614,0.0
hardhat-nomicfoundation (pkg),celer,0.0,0.6948191530649439
hardhat-nomicfoundation (pkg),chain-hop,0.0,0.028839349789669195
hardhat-nomicfoundation (pkg),chainlink,6.769230769230769,5.709585565633118
hardhat-nomicfoundation (pkg),cliqueofficial,0.8333333333333334,0.0
hardhat-nomicfoundation (pkg),commons-stack,0.375,0.0
hardhat-nomicfoundation (pkg),connext,32.266666666666666,23.151070278346285
hardhat-nomicfoundation (pkg),coordinape,2.0,0.17586503202517328
hardhat-nomicfoundation (pkg),cozy-finance,0.5714285714285714,0.1490102687070931
hardhat-nomicfoundation (pkg),curve,44.0,7.2233717695883115
hardhat-nomicfoundation (pkg),d-hedge,0.0,0.4038791225517325
hardhat-nomicfoundation (pkg),dapp-learning-dao,0.6774193548387096,0.0
hardhat-nomicfoundation (pkg),dappnode,1.2580645161290323,0.0
hardhat-nomicfoundation (pkg),dappykit,0.1,0.0
hardhat-nomicfoundation (pkg),de-bank,7.6,0.056830237304070975
hardhat-nomicfoundation (pkg),debridge-finance,0.5538461538461539,0.0
hardhat-nomicfoundation (pkg),decent,0.23076923076923075,0.0007587408837716848
hardhat-nomicfoundation (pkg),decommas,0.15384615384615385,0.0
hardhat-nomicfoundation (pkg),defi-llama,6.325581395348837,0.09570375035451316
hardhat-nomicfoundation (pkg),defi-wonderland,0.13043478260869565,0.0
hardhat-nomicfoundation (pkg),defiedge,0.64,0.002453216390988884
hardhat-nomicfoundation (pkg),dexkit,0.5405405405405406,0.0
hardhat-nomicfoundation (pkg),dforce-network,0.0,0.10895420868211367
hardhat-nomicfoundation (pkg),dm3-protocol,0.4,0.0
hardhat-nomicfoundation (pkg),elk-finance,2.0,0.1622420509408048
hardhat-nomicfoundation (pkg),eth-infinitism-account-abstraction,0.2857142857142857,0.0
hardhat-nomicfoundation (pkg),ethereum-attestation-service,0.375,0.0
hardhat-nomicfoundation (pkg),ethernautdao,0.42857142857142855,0.0
hardhat-nomicfoundation (pkg),exactly,1.4193548387096775,0.14455511775047705
hardhat-nomicfoundation (pkg),filosofiacodigo,0.3529411764705882,0.0
hardhat-nomicfoundation (pkg),flashstake,0.0,0.03701554729393502
hardhat-nomicfoundation (pkg),flipside-crypto,25.29032258064516,0.008421111495386428
hardhat-nomicfoundation (pkg),footprintanalytics,1.5,0.0
hardhat-nomicfoundation (pkg),forta-network,2.625,0.0
hardhat-nomicfoundation (pkg),foundry,5.5,0.0
hardhat-nomicfoundation (pkg),frame-floating,0.5,0.0
hardhat-nomicfoundation (pkg),fraxfinance,1.35,0.6505071076706878
hardhat-nomicfoundation (pkg),fuji-finance,6.666666666666666,0.17148004366074804
hardhat-nomicfoundation (pkg),galxe,0.8,5.9232096419289535
hardhat-nomicfoundation (pkg),gelato,114.74826789838338,39.98558578570478
hardhat-nomicfoundation (pkg),geo-web,0.11764705882352941,0.0005285977775005099
hardhat-nomicfoundation (pkg),gitcoin,65.82857142857142,2.9602796421727495
hardhat-nomicfoundation (pkg),givepraise,0.2222222222222222,0.0
hardhat-nomicfoundation (pkg),giveth,1.4634146341463414,0.0
hardhat-nomicfoundation (pkg),gov-w3hc,0.09090909090909091,0.0
hardhat-nomicfoundation (pkg),grindery-io,0.5263157894736842,0.0
hardhat-nomicfoundation (pkg),hai-on-op,1.6363636363636362,0.0
hardhat-nomicfoundation (pkg),hashflow,0.5333333333333333,0.008340402687302352
hardhat-nomicfoundation (pkg),holograph,9.074074074074074,1.9713396780272114
hardhat-nomicfoundation (pkg),hop-protocol,5.688888888888889,0.4199701888288783
hardhat-nomicfoundation (pkg),hundred-finance,0.0,0.026147056033940252
hardhat-nomicfoundation (pkg),hypercerts,0.21052631578947367,0.023872297367497717
hardhat-nomicfoundation (pkg),idle-finance,0.4787234042553191,0.0
hardhat-nomicfoundation (pkg),infinity-keys,1.0,0.0
hardhat-nomicfoundation (pkg),insta-dapp,15.238095238095239,0.12391613074257374
hardhat-nomicfoundation (pkg),insuredao,3.3611111111111107,0.0001288842155147134
hardhat-nomicfoundation (pkg),interest-protocol,10.416666666666668,0.006531461969350805
hardhat-nomicfoundation (pkg),inverse-finance,5.5227272727272725,2.6994917863636363e-05
hardhat-nomicfoundation (pkg),iron-bank,3.0,0.16042249876682263
hardhat-nomicfoundation (pkg),itu-blockchain,1.2,0.0
hardhat-nomicfoundation (pkg),jarvis-network,0.3333333333333333,3.1347916143000003e-06
hardhat-nomicfoundation (pkg),kernel-community,0.225,0.0
hardhat-nomicfoundation (pkg),kromatika-finance,0.0,0.029997330640714245
hardhat-nomicfoundation (pkg),kwenta,20.769230769230766,46.850076879395246
hardhat-nomicfoundation (pkg),kyber-swap,7.923913043478262,2.4445449146482594
hardhat-nomicfoundation (pkg),l2beat,0.7692307692307693,0.0
hardhat-nomicfoundation (pkg),latticexyz,0.3968253968253968,0.0
hardhat-nomicfoundation (pkg),layer-zero,22.423357664233578,738.4072685225985
hardhat-nomicfoundation (pkg),layerswap,0.375,0.0
hardhat-nomicfoundation (pkg),lemma-finance,0.0,0.0230046669994863
hardhat-nomicfoundation (pkg),lido,64.0,0.10738069104736192
hardhat-nomicfoundation (pkg),lifinance,5.25,2.925140025e-05
hardhat-nomicfoundation (pkg),limechain,1.375,0.0
hardhat-nomicfoundation (pkg),liquity,0.5714285714285714,0.0
hardhat-nomicfoundation (pkg),lyra-finance,1.5652173913043477,5.731305690992848
hardhat-nomicfoundation (pkg),maker-dao,64.15841584158416,0.0
hardhat-nomicfoundation (pkg),manifold,0.16666666666666666,0.002840791462265774
hardhat-nomicfoundation (pkg),mean-finance,22.72268907563025,0.011198086381943244
hardhat-nomicfoundation (pkg),meson-fi,0.2857142857142857,0.17349154784119508
hardhat-nomicfoundation (pkg),metagame-metafam,0.75,0.0
hardhat-nomicfoundation (pkg),metamask,2.76,0.0948025916332806
hardhat-nomicfoundation (pkg),metronome-autonomoussoftware,0.125,0.0
hardhat-nomicfoundation (pkg),mirror,0.0,0.3285983408379106
hardhat-nomicfoundation (pkg),mummy-finance,0.0,3.100430085158496
hardhat-nomicfoundation (pkg),mux-world,0.26666666666666666,0.0
hardhat-nomicfoundation (pkg),nested,0.0,0.42906995739452775
hardhat-nomicfoundation (pkg),nethermindeth,9.578947368421053,0.0
hardhat-nomicfoundation (pkg),nftearth,0.09375,0.0
hardhat-nomicfoundation (pkg),nodeguardians,0.25,0.0
hardhat-nomicfoundation (pkg),oceanprotocol,0.7627118644067796,0.0
hardhat-nomicfoundation (pkg),olympus,5.268292682926829,9.847058048780488e-06
hardhat-nomicfoundation (pkg),omni-swap,0.16666666666666666,0.6294355551419413
hardhat-nomicfoundation (pkg),omnibtc,0.42857142857142855,0.0
hardhat-nomicfoundation (pkg),onlydustxyz,1.9090909090909092,0.0
hardhat-nomicfoundation (pkg),op,72.6,30.005130178292706
hardhat-nomicfoundation (pkg),open-sea,17.19402985074627,2.384132107694813
hardhat-nomicfoundation (pkg),openzeppelin,1.5193798449612403,0.0
hardhat-nomicfoundation (pkg),opti-domains,0.1935483870967742,0.0
hardhat-nomicfoundation (pkg),orbiter-finance,7.777777777777778,0.006715829719705327
hardhat-nomicfoundation (pkg),otterspace-xyz,0.18181818181818182,0.0
hardhat-nomicfoundation (pkg),overnight,1.5238095238095237,1.0875173570614212
hardhat-nomicfoundation (pkg),paraswap,0.42857142857142855,0.11352667760900753
hardhat-nomicfoundation (pkg),pendle-finance,1.0491803278688525,0.0
hardhat-nomicfoundation (pkg),perpetual-protocol,12.0,714.6158494681116
hardhat-nomicfoundation (pkg),pickle-finance,0.0,0.05807889049920724
hardhat-nomicfoundation (pkg),pika-protocol,1.9393939393939394,7.927250604507893
hardhat-nomicfoundation (pkg),pokt-network,0.4166666666666667,0.0
hardhat-nomicfoundation (pkg),polynomial-protocol,0.0,0.5060616927764707
hardhat-nomicfoundation (pkg),polysensus-chaintrap,0.3333333333333333,0.0
hardhat-nomicfoundation (pkg),pool-together,76.26941747572815,11.140333690717076
hardhat-nomicfoundation (pkg),premiafinance,1.2352941176470589,0.0
hardhat-nomicfoundation (pkg),protocol-guild,6.72972972972973,0.0
hardhat-nomicfoundation (pkg),punk-domains,0.8448275862068966,0.0002581179037516819
hardhat-nomicfoundation (pkg),qidao-mai-finance,1.5625,0.250942237144402
hardhat-nomicfoundation (pkg),questbook,0.6,0.0
hardhat-nomicfoundation (pkg),rainbow,7.619047619047619,0.040040385155300375
hardhat-nomicfoundation (pkg),rango-exchange,0.7777777777777778,0.0013784996343240905
hardhat-nomicfoundation (pkg),rareskills,0.5283018867924528,0.0
hardhat-nomicfoundation (pkg),redstone-finance,1.0298507462686566,0.0
hardhat-nomicfoundation (pkg),remix-project,0.9,0.0
hardhat-nomicfoundation (pkg),revert-finance,0.3333333333333333,0.09986180242519416
hardhat-nomicfoundation (pkg),rigo-block,0.5714285714285714,6.751299828571429e-05
hardhat-nomicfoundation (pkg),rocket-pool,6.260869565217392,0.0
hardhat-nomicfoundation (pkg),router-protocol,29.47368421052631,2.5476290484078765
hardhat-nomicfoundation (pkg),rubicon,6.0,0.8087780684913362
hardhat-nomicfoundation (pkg),saddle-finance,0.45,0.0016959399408791273
hardhat-nomicfoundation (pkg),safe-global,36.67924528301887,61.65027575471235
hardhat-nomicfoundation (pkg),scope-lift,7.8125,0.01171547361970651
hardhat-nomicfoundation (pkg),seal-inc,1.0,0.0
hardhat-nomicfoundation (pkg),set-protocol,2.25,0.19712209437934755
hardhat-nomicfoundation (pkg),shapeshift,1.5652173913043477,0.0
hardhat-nomicfoundation (pkg),sherlock-audit,1.038647342995169,0.0
hardhat-nomicfoundation (pkg),show-karma,0.6666666666666666,0.0
hardhat-nomicfoundation (pkg),shutter-network,1.0,0.0
hardhat-nomicfoundation (pkg),snapshot-labs,1.6551724137931034,0.0
hardhat-nomicfoundation (pkg),socket,18.980392156862745,12.986464298843957
hardhat-nomicfoundation (pkg),sonne-finance,0.0,1.5526351028516119
hardhat-nomicfoundation (pkg),sourcify-ethereum,1.0,0.0
hardhat-nomicfoundation (pkg),sphinx-chugsplash,0.2727272727272727,0.0
hardhat-nomicfoundation (pkg),stackup,0.8,9.53165773136e-08
hardhat-nomicfoundation (pkg),stargate-finance,0.0,61.79969718763739
hardhat-nomicfoundation (pkg),steer-protocol,0.0,0.10626302412007257
hardhat-nomicfoundation (pkg),summer-fi,11.025,0.002464717997509974
hardhat-nomicfoundation (pkg),superfluid,4.5,0.04484272613756416
hardhat-nomicfoundation (pkg),sushi,124.96153846153847,21.90213272463855
hardhat-nomicfoundation (pkg),symbiosis-finance,2.4,0.2667977397557912
hardhat-nomicfoundation (pkg),synapse,5.333333333333333,0.41278740091936894
hardhat-nomicfoundation (pkg),synthetix,96.28301886792453,79.80522564907561
hardhat-nomicfoundation (pkg),taho-wallet,2.4615384615384617,0.0
hardhat-nomicfoundation (pkg),tarot-finance,0.0,4.710838823553225
hardhat-nomicfoundation (pkg),thales,5.073170731707317,3.1976136742031196
hardhat-nomicfoundation (pkg),third-web,66.6923076923077,1.7146505439833923
hardhat-nomicfoundation (pkg),threshold-network,6.25,0.06512949923016935
hardhat-nomicfoundation (pkg),tide-protocol-fiveelementslabs,0.4,0.0
hardhat-nomicfoundation (pkg),turbo-eth,0.3076923076923077,0.0
hardhat-nomicfoundation (pkg),umbra,1.0,0.050885441612347135
hardhat-nomicfoundation (pkg),uniswap,101.0625,106.00936352356962
hardhat-nomicfoundation (pkg),unlock-protocol,30.413793103448274,0.012756324774828524
hardhat-nomicfoundation (pkg),upnodedev,0.5555555555555556,0.0
hardhat-nomicfoundation (pkg),usecannon,0.8888888888888888,0.0
hardhat-nomicfoundation (pkg),velodrome,1.8,29.39522598715484
hardhat-nomicfoundation (pkg),vesper,2.8166666666666664,2.7591174644744725
hardhat-nomicfoundation (pkg),viaprize,0.45454545454545453,0.0
hardhat-nomicfoundation (pkg),voteagora,0.42857142857142855,0.0
hardhat-nomicfoundation (pkg),wagmi-dev,0.23529411764705882,0.0
hardhat-nomicfoundation (pkg),warden-swap,0.0,0.1685684858210272
hardhat-nomicfoundation (pkg),wido,0.78125,0.9050020342413962
hardhat-nomicfoundation (pkg),wighawag,0.25,0.0
hardhat-nomicfoundation (pkg),worldcoin,1.9285714285714284,13.150847160087046
hardhat-nomicfoundation (pkg),yearn,26.29801324503311,1.3134819906702555
hardhat-nomicfoundation (pkg),zerion,1.6842105263157894,0.4241816998060046
hardhat-nomicfoundation (pkg),zora,19.799999999999997,0.19753575941265278
hardhat-tracer-zemse (pkg),0xbcamp,0.12121212121212122,0.0
hardhat-tracer-zemse (pkg),1-inch,5.660818713450292,6.860992892977882
hardhat-tracer-zemse (pkg),aave,0.3682008368200837,0.009845484603219441
hardhat-tracer-zemse (pkg),adrastia-oracle,0.15384615384615385,0.07219992558567798
hardhat-tracer-zemse (pkg),aura,0.15384615384615385,0.007756581855242987
hardhat-tracer-zemse (pkg),beethoven-x,0.11666666666666667,0.04456078986060277
hardhat-tracer-zemse (pkg),buidlguidl,0.042483660130718956,0.0
hardhat-tracer-zemse (pkg),decommas,0.07692307692307693,0.0
hardhat-tracer-zemse (pkg),dm3-protocol,0.2,0.0
hardhat-tracer-zemse (pkg),flipside-crypto,2.064516129032258,0.0006874376730927696
hardhat-tracer-zemse (pkg),fraxfinance,0.016666666666666666,0.008030951946551701
hardhat-tracer-zemse (pkg),layer-zero,0.021897810218978103,0.7211008481666001
hardhat-tracer-zemse (pkg),lyra-finance,0.17391304347826086,0.6368117434436498
hardhat-tracer-zemse (pkg),olympus,0.14634146341463414,2.7352939024390245e-07
hardhat-tracer-zemse (pkg),onlydustxyz,0.6363636363636364,0.0
hardhat-tracer-zemse (pkg),rainbow,0.47619047619047616,0.0025025240722062734
hardhat-tracer-zemse (pkg),rareskills,0.03773584905660377,0.0
hardhat-tracer-zemse (pkg),saddle-finance,0.2,0.0007537510848351676
hardhat-tracer-zemse (pkg),sherlock-audit,0.0966183574879227,0.0
hardhat-tracer-zemse (pkg),stargate-finance,0.0,3.862481074227337
hardhat-tracer-zemse (pkg),summer-fi,0.9,0.00020120146918448768
hardhat-tracer-zemse (pkg),sushi,0.038461538461538464,0.0067411919743424285
hardhat-tracer-zemse (pkg),unlock-protocol,0.06896551724137931,2.8925906518885543e-05
hardhat-tracer-zemse (pkg),zerion,0.42105263157894735,0.10604542495150115
openzeppelin (pkg),0x-splits,0.2857142857142857,0.00023719925196669008
openzeppelin (pkg),0xbcamp,1.3333333333333335,0.0
openzeppelin (pkg),1-inch,168.42105263157893,204.12871417124276
openzeppelin (pkg),aave,44.55230125523013,1.1913036369895524
openzeppelin (pkg),abracadabra,0.4,0.01350880536038473
openzeppelin (pkg),across,68.33898305084746,44.56390269447355
openzeppelin (pkg),adrastia-oracle,0.9615384615384616,0.45124953491048736
openzeppelin (pkg),aelin,1.9285714285714284,0.013701811729703944
openzeppelin (pkg),agoraxyz,46.83870967741935,0.0
openzeppelin (pkg),airgap-it,2.0,0.0
openzeppelin (pkg),aktionariat,0.16666666666666666,8.333332525912699e-05
openzeppelin (pkg),alchemix,3.282051282051282,0.059487000919069985
openzeppelin (pkg),alliance-bridge,0.3333333333333333,3.820654666666667e-06
openzeppelin (pkg),aloe-ii,0.15384615384615385,0.00035369098091524317
openzeppelin (pkg),angle-protocol,238.1868131868132,48.6414334833891
openzeppelin (pkg),ankr-network,1.0,0.0
openzeppelin (pkg),another-world,0.8421052631578947,0.07422689951656268
openzeppelin (pkg),arcadia-finance,1.7777777777777777,0.003843409920146784
openzeppelin (pkg),arrakis-finance,6.0,0.39002232535150977
openzeppelin (pkg),atxdao,0.6923076923076923,0.0
openzeppelin (pkg),aura,0.6153846153846154,0.031026327420971948
openzeppelin (pkg),avault,0.0,0.04140502440898809
openzeppelin (pkg),aw-labs,0.2727272727272727,0.0
openzeppelin (pkg),axelar,3.7280701754385963,0.07514130539545416
openzeppelin (pkg),backed,0.47368421052631576,0.11541661504606623
openzeppelin (pkg),band-protocol,4.8,0.0028000226080873566
openzeppelin (pkg),bankless-academy,0.25,0.0
openzeppelin (pkg),beamer-bridge,6.4,0.05306284759501016
openzeppelin (pkg),beefy-finance,48.0,7.405976668246302
openzeppelin (pkg),beethoven-x,5.716666666666667,2.183478703169536
openzeppelin (pkg),biconomy,63.71212121212121,5.2735811292060175
openzeppelin (pkg),bitkeep,0.0,0.05342223037271454
openzeppelin (pkg),blockscout,1.6666666666666667,0.0
openzeppelin (pkg),buidlguidl,1.8267973856209152,0.0
openzeppelin (pkg),candide-labs,0.42857142857142855,0.0
openzeppelin (pkg),celer,0.0,0.4446842579615641
openzeppelin (pkg),chainlink,82.92307692307692,69.94242317900569
openzeppelin (pkg),commons-stack,0.28125,0.0
openzeppelin (pkg),connext,77.06666666666666,55.29470504497584
openzeppelin (pkg),coordinape,4.5,0.3956963220566399
openzeppelin (pkg),cozy-finance,0.14285714285714285,0.03725256717677328
openzeppelin (pkg),curve,7.04,1.1557394831341299
openzeppelin (pkg),d-hedge,0.0,1.61551649020693
openzeppelin (pkg),dapp-learning-dao,0.8709677419354839,0.0
openzeppelin (pkg),dappnode,3.3548387096774195,0.0
openzeppelin (pkg),dappykit,0.6000000000000001,0.0
openzeppelin (pkg),de-bank,7.6,0.056830237304070975
openzeppelin (pkg),debridge-finance,1.7846153846153847,0.0
openzeppelin (pkg),decent,0.23076923076923075,0.0007587408837716848
openzeppelin (pkg),decommas,0.46153846153846156,0.0
openzeppelin (pkg),defi-llama,3.5581395348837206,0.05383335957441365
openzeppelin (pkg),defi-wonderland,0.21739130434782608,0.0
openzeppelin (pkg),defiedge,2.56,0.009812865563955536
openzeppelin (pkg),dexkit,0.5405405405405406,0.0
openzeppelin (pkg),dforce-network,0.0,0.43581683472845467
openzeppelin (pkg),dm3-protocol,0.4,0.0
openzeppelin (pkg),elk-finance,0.5,0.0405605127352012
openzeppelin (pkg),eth-infinitism-account-abstraction,0.14285714285714285,0.0
openzeppelin (pkg),ethereansos,0.07142857142857142,0.0
openzeppelin (pkg),ethereum-attestation-service,0.375,0.0
openzeppelin (pkg),ethernautdao,0.2857142857142857,0.0
openzeppelin (pkg),exactly,51.09677419354839,5.203984239017174
openzeppelin (pkg),filosofiacodigo,0.1764705882352941,0.0
openzeppelin (pkg),flipside-crypto,25.29032258064516,0.008421111495386428
openzeppelin (pkg),footprintanalytics,1.5,0.0
openzeppelin (pkg),forta-network,3.5,0.0
openzeppelin (pkg),fraxfinance,13.066666666666666,6.296266326096534
openzeppelin (pkg),fuji-finance,4.62962962962963,0.11908336365329725
openzeppelin (pkg),galxe,0.2,1.4808024104822384
openzeppelin (pkg),gelato,67.89838337182448,23.660109932369693
openzeppelin (pkg),geo-web,2.3823529411764706,0.010704104994385327
openzeppelin (pkg),gitcoin,280.0285714285714,12.592752071586423
openzeppelin (pkg),givepraise,0.4444444444444444,0.0
openzeppelin (pkg),giveth,2.048780487804878,0.0
openzeppelin (pkg),gov-w3hc,0.4545454545454546,0.0
openzeppelin (pkg),grindery-io,1.1842105263157894,0.0
openzeppelin (pkg),hai-on-op,1.6363636363636362,0.0
openzeppelin (pkg),hamster-shared,1.8823529411764706,0.0
openzeppelin (pkg),hashflow,6.533333333333333,0.10216993291945382
openzeppelin (pkg),holograph,0.7407407407407407,0.16092568800222135
openzeppelin (pkg),hop-protocol,8.88888888888889,0.6562034200451223
openzeppelin (pkg),hypercerts,5.263157894736842,0.596807434187443
openzeppelin (pkg),idle-finance,1.1170212765957446,0.0
openzeppelin (pkg),infinity-keys,0.5,0.0
openzeppelin (pkg),insta-dapp,36.609523809523814,0.2977085041090334
openzeppelin (pkg),insuredao,3.3611111111111107,0.0001288842155147134
openzeppelin (pkg),interest-protocol,41.66666666666667,0.02612584787740322
openzeppelin (pkg),inverse-finance,6.8181818181818175,3.332705909090909e-05
openzeppelin (pkg),iron-bank,4.083333333333333,0.21835284554373077
openzeppelin (pkg),itu-blockchain,0.84,0.0
openzeppelin (pkg),jarvis-network,1.3333333333333333,1.2539166457200001e-05
openzeppelin (pkg),kernel-community,0.15000000000000002,0.0
openzeppelin (pkg),kromatika-finance,0.0,0.06749399394160704
openzeppelin (pkg),kwenta,6.41025641025641,14.459900271418286
openzeppelin (pkg),kyber-swap,100.17391304347827,30.9038764518496
openzeppelin (pkg),latticexyz,0.15873015873015872,0.0
openzeppelin (pkg),layer-zero,54.74452554744526,1802.7521204165002
openzeppelin (pkg),layerswap,1.5,0.0
openzeppelin (pkg),lemma-finance,0.0,0.03594479218669734
openzeppelin (pkg),lido,100.0,0.167782329761503
openzeppelin (pkg),limechain,0.8125,0.0
openzeppelin (pkg),liquity,0.2857142857142857,0.0
openzeppelin (pkg),lyra-finance,3.5217391304347827,12.895437804733907
openzeppelin (pkg),maker-dao,4.9504950495049505,0.0
openzeppelin (pkg),manifold,16.666666666666664,0.2840791462265774
openzeppelin (pkg),mean-finance,24.504201680672267,0.01207604285863406
openzeppelin (pkg),meson-fi,1.1428571428571428,0.6939661913647803
openzeppelin (pkg),metagame-metafam,1.125,0.0
openzeppelin (pkg),metamask,44.16,1.5168414661324896
openzeppelin (pkg),mirror,0.0,0.08214958520947765
openzeppelin (pkg),mummy-finance,0.0,6.975967691606616
openzeppelin (pkg),mux-world,0.26666666666666666,0.0
openzeppelin (pkg),nested,0.0,0.10726748934863194
openzeppelin (pkg),nethermindeth,5.473684210526316,0.0
openzeppelin (pkg),nftearth,1.078125,0.0
openzeppelin (pkg),nodeguardians,0.625,0.0
openzeppelin (pkg),oceanprotocol,1.271186440677966,0.0
openzeppelin (pkg),olympus,5.268292682926829,9.847058048780488e-06
openzeppelin (pkg),omni-swap,1.5,5.6649199962774714
openzeppelin (pkg),omnibtc,1.2857142857142856,0.0
openzeppelin (pkg),onlydustxyz,0.6363636363636364,0.0
openzeppelin (pkg),op,101.39999999999999,41.9079917366237
openzeppelin (pkg),open-sea,26.865671641791046,3.7252064182731455
openzeppelin (pkg),openzeppelin,5.317829457364341,0.0
openzeppelin (pkg),opti-domains,0.1935483870967742,0.0
openzeppelin (pkg),orbiter-finance,12.857142857142856,0.01110167769992105
openzeppelin (pkg),otterspace-xyz,0.18181818181818182,0.0
openzeppelin (pkg),overnight,38.095238095238095,27.18793392653553
openzeppelin (pkg),paraswap,3.8571428571428568,1.0217400984810678
openzeppelin (pkg),pendle-finance,0.9836065573770493,0.0
openzeppelin (pkg),perpetual-protocol,48.0,2858.4633978724464
openzeppelin (pkg),pickle-finance,0.0,0.266688782904523
openzeppelin (pkg),pika-protocol,3.666666666666667,14.987458174147736
openzeppelin (pkg),polynomial-protocol,0.0,1.1386388087470591
openzeppelin (pkg),polysensus-chaintrap,1.1666666666666665,0.0
openzeppelin (pkg),pool-together,209.3373786407767,30.57697736763758
openzeppelin (pkg),premiafinance,1.2352941176470589,0.0
openzeppelin (pkg),protocol-guild,17.945945945945947,0.0
openzeppelin (pkg),punk-domains,4.413793103448276,0.0013485343542945015
openzeppelin (pkg),qidao-mai-finance,0.5625,0.09033920537198471
openzeppelin (pkg),questbook,0.6,0.0
openzeppelin (pkg),quix,0.0,0.13637468191382163
openzeppelin (pkg),rabbithole,5.3999999999999995,9.268349301757782
openzeppelin (pkg),rainbow,0.47619047619047616,0.0025025240722062734
openzeppelin (pkg),rango-exchange,3.111111111111111,0.005513998537296362
openzeppelin (pkg),rareskills,0.6792452830188679,0.0
openzeppelin (pkg),redstone-finance,2.507462686567164,0.0
openzeppelin (pkg),remix-project,3.6,0.0
openzeppelin (pkg),revert-finance,0.08333333333333333,0.02496545060629854
openzeppelin (pkg),rigo-block,0.14285714285714285,1.6878249571428573e-05
openzeppelin (pkg),rocket-pool,1.565217391304348,0.0
openzeppelin (pkg),router-protocol,53.715789473684204,4.643053940723355
openzeppelin (pkg),rubicon,11.76,1.5852050142430187
openzeppelin (pkg),sablier,7.578947368421052,0.01666609589211217
openzeppelin (pkg),saddle-finance,0.2,0.0007537510848351676
openzeppelin (pkg),safe-global,22.18867924528302,37.29461125902352
openzeppelin (pkg),scope-lift,5.0,0.007497903116612167
openzeppelin (pkg),set-protocol,1.265625,0.11088117808838299
openzeppelin (pkg),shapeshift,2.0869565217391304,0.0
openzeppelin (pkg),sherlock-audit,1.6908212560386473,0.0
openzeppelin (pkg),show-karma,1.222222222222222,0.0
openzeppelin (pkg),shutter-network,0.5,0.0
openzeppelin (pkg),smallbraingames,0.12,0.0
openzeppelin (pkg),snapshot-labs,4.551724137931035,0.0
openzeppelin (pkg),snekmate,0.3333333333333333,0.0
openzeppelin (pkg),socket,3.9215686274509802,2.6831537807528836
openzeppelin (pkg),sonne-finance,0.0,16.39970827387015
openzeppelin (pkg),sphinx-chugsplash,1.6363636363636362,0.0
openzeppelin (pkg),stackup,0.45,5.3615574738900005e-08
openzeppelin (pkg),stargate-finance,0.0,15.449924296909348
openzeppelin (pkg),steer-protocol,0.0,0.011807002680008064
openzeppelin (pkg),summer-fi,0.9,0.00020120146918448768
openzeppelin (pkg),superfluid,66.125,0.6589389479658734
openzeppelin (pkg),sushi,41.88461538461539,7.341158060058905
openzeppelin (pkg),symbiosis-finance,4.266666666666667,0.4743070928991843
openzeppelin (pkg),symphony-finance,0.0,0.010382162942159483
openzeppelin (pkg),synapse,1.3333333333333333,0.10319685022984224
openzeppelin (pkg),synthetix,42.79245283018868,35.468989177366936
openzeppelin (pkg),tarot-finance,0.0,2.30831102354108
openzeppelin (pkg),thales,53.58536585365854,33.77479443377045
openzeppelin (pkg),third-web,111.6923076923077,2.8715946826573076
openzeppelin (pkg),threshold-network,4.0,0.04168287950730838
openzeppelin (pkg),tide-protocol-fiveelementslabs,0.2,0.0
openzeppelin (pkg),turbo-eth,0.358974358974359,0.0
openzeppelin (pkg),umbra,1.0,0.050885441612347135
openzeppelin (pkg),uniswap,44.916666666666664,47.11527267714205
openzeppelin (pkg),unlock-protocol,30.413793103448274,0.012756324774828524
openzeppelin (pkg),upnodedev,1.3888888888888888,0.0
openzeppelin (pkg),velodrome,0.2,3.2661362207949822
openzeppelin (pkg),vesper,2.0166666666666666,1.97546280000835
openzeppelin (pkg),viaprize,0.45454545454545453,0.0
openzeppelin (pkg),warden-swap,0.0,0.5162409878268959
openzeppelin (pkg),we-piggy,0.0,0.2861004201486342
openzeppelin (pkg),wido,5.28125,6.1178137514718385
openzeppelin (pkg),worldcoin,3.4285714285714284,23.37928384015475
openzeppelin (pkg),wormhole,67.60000000000001,0.78111567905595
openzeppelin (pkg),wtfacademy,0.6666666666666666,0.0
openzeppelin (pkg),xen-crypto-faircrypto,0.0,94.65005981330155
openzeppelin (pkg),yearn,26.29801324503311,1.3134819906702555
openzeppelin (pkg),zerion,0.42105263157894735,0.10604542495150115
openzeppelin (pkg),zora,64.152,0.640015860496995
prettier-solidity (pkg),0x-splits,1.1428571428571428,0.0009487970078667603
prettier-solidity (pkg),0xbcamp,0.36363636363636365,0.0
prettier-solidity (pkg),1-inch,0.7485380116959064,0.9072387296499679
prettier-solidity (pkg),aave,268.418410041841,7.177358275746973
prettier-solidity (pkg),abracadabra,1.6,0.05403522144153892
prettier-solidity (pkg),across,1.0677966101694916,0.6963109796011492
prettier-solidity (pkg),adrastia-oracle,0.34615384615384615,0.16244983256777545
prettier-solidity (pkg),aelin,0.21428571428571427,0.0015224235255226605
prettier-solidity (pkg),agoraxyz,11.709677419354838,0.0
prettier-solidity (pkg),aktionariat,0.16666666666666666,8.333332525912699e-05
prettier-solidity (pkg),alchemix,0.4615384615384615,0.008365359504244217
prettier-solidity (pkg),alliance-bridge,0.08333333333333333,9.551636666666667e-07
prettier-solidity (pkg),aloe-ii,1.3846153846153846,0.0031832188282371887
prettier-solidity (pkg),angle-protocol,8.43956043956044,1.7234888542211224
prettier-solidity (pkg),another-world,0.47368421052631576,0.04175263097806651
prettier-solidity (pkg),arcadia-finance,0.4444444444444444,0.000960852480036696
prettier-solidity (pkg),arrakis-finance,2.16,0.1404080371265435
prettier-solidity (pkg),atxdao,0.15384615384615385,0.0
prettier-solidity (pkg),aura,0.6153846153846154,0.031026327420971948
prettier-solidity (pkg),aw-labs,0.18181818181818182,0.0
prettier-solidity (pkg),axelar,14.912280701754385,0.30056522158181664
prettier-solidity (pkg),banklessdao,0.16666666666666666,0.0
prettier-solidity (pkg),beamer-bridge,1.6,0.01326571189875254
prettier-solidity (pkg),beefy-finance,0.24489795918367346,0.0377855952461546
prettier-solidity (pkg),beethoven-x,2.9166666666666665,1.1140197465150694
prettier-solidity (pkg),biconomy,3.7121212121212124,0.30725978041747304
prettier-solidity (pkg),blockscout,1.6666666666666667,0.0
prettier-solidity (pkg),bond-protocol,0.2857142857142857,3.737415315688571e-07
prettier-solidity (pkg),buidlguidl,0.2124183006535948,0.0
prettier-solidity (pkg),celer,0.0,0.25013489510337983
prettier-solidity (pkg),chainlink,1.6923076923076923,1.4273963914082795
prettier-solidity (pkg),commons-stack,0.09375,0.0
prettier-solidity (pkg),connext,4.266666666666667,3.0612985492028146
prettier-solidity (pkg),coordinape,0.5,0.04396625800629332
prettier-solidity (pkg),cozy-finance,0.14285714285714285,0.03725256717677328
prettier-solidity (pkg),d-hedge,0.0,0.4038791225517325
prettier-solidity (pkg),dapp-learning-dao,0.0967741935483871,0.0
prettier-solidity (pkg),dappnode,0.6290322580645161,0.0
prettier-solidity (pkg),de-bank,1.9,0.014207559326017744
prettier-solidity (pkg),debridge-finance,0.18461538461538463,0.0
prettier-solidity (pkg),decent,0.02564102564102564,8.430454264129831e-05
prettier-solidity (pkg),defi-llama,1.5813953488372092,0.02392593758862829
prettier-solidity (pkg),defi-wonderland,0.08695652173913043,0.0
prettier-solidity (pkg),dforce-network,0.0,0.10895420868211367
prettier-solidity (pkg),dm3-protocol,0.2,0.0
prettier-solidity (pkg),elk-finance,0.05555555555555555,0.004506723637244577
prettier-solidity (pkg),ethereum-attestation-service,0.375,0.0
prettier-solidity (pkg),ethernautdao,0.2857142857142857,0.0
prettier-solidity (pkg),exactly,1.4193548387096775,0.14455511775047705
prettier-solidity (pkg),filosofiacodigo,0.029411764705882353,0.0
prettier-solidity (pkg),flipside-crypto,0.5161290322580645,0.0001718594182731924
prettier-solidity (pkg),forta-network,0.875,0.0
prettier-solidity (pkg),fraxfinance,1.0666666666666667,0.5139809245793089
prettier-solidity (pkg),fuji-finance,0.18518518518518517,0.00476333454613189
prettier-solidity (pkg),gelato,36.04157043879908,12.559172639610933
prettier-solidity (pkg),geo-web,0.11764705882352941,0.0005285977775005099
prettier-solidity (pkg),gitcoin,9.257142857142856,0.4162893246805429
prettier-solidity (pkg),giveth,0.5853658536585366,0.0
prettier-solidity (pkg),hashflow,0.13333333333333333,0.002085100671825588
prettier-solidity (pkg),herodotusdev,0.631578947368421,0.0
prettier-solidity (pkg),holograph,1.6666666666666665,0.36208279800499804
prettier-solidity (pkg),hop-protocol,0.8,0.05905830780406102
prettier-solidity (pkg),hypercerts,0.21052631578947367,0.023872297367497717
prettier-solidity (pkg),idle-finance,0.2553191489361702,0.0
prettier-solidity (pkg),infinity-keys,0.5,0.0
prettier-solidity (pkg),insta-dapp,0.34285714285714286,0.002788112941707909
prettier-solidity (pkg),insuredao,0.1111111111111111,4.260635223626889e-06
prettier-solidity (pkg),interest-protocol,3.75,0.0023513263089662896
prettier-solidity (pkg),inverse-finance,1.7045454545454544,8.331764772727272e-06
prettier-solidity (pkg),iron-bank,0.1875,0.010026406172926414
prettier-solidity (pkg),jarvis-network,0.3333333333333333,3.1347916143000003e-06
prettier-solidity (pkg),kernel-community,0.025,0.0
prettier-solidity (pkg),kyber-swap,3.5217391304347827,1.0864644065103375
prettier-solidity (pkg),l2beat,0.7692307692307693,0.0
prettier-solidity (pkg),latticexyz,1.1904761904761905,0.0
prettier-solidity (pkg),layer-zero,0.08759124087591241,2.8844033926664006
prettier-solidity (pkg),layerswap,0.375,0.0
prettier-solidity (pkg),lido,21.777777777777775,0.03653926292583844
prettier-solidity (pkg),lifinance,2.3333333333333335,1.3000622333333334e-05
prettier-solidity (pkg),limechain,0.125,0.0
prettier-solidity (pkg),lyra-finance,0.17391304347826086,0.6368117434436498
prettier-solidity (pkg),maker-dao,7.128712871287129,0.0
prettier-solidity (pkg),manifold,2.6666666666666665,0.04545266339625238
prettier-solidity (pkg),mean-finance,5.680672268907562,0.002799521595485811
prettier-solidity (pkg),metronome-autonomoussoftware,0.125,0.0
prettier-solidity (pkg),mummy-finance,0.0,0.775107521289624
prettier-solidity (pkg),nested,0.0,0.10726748934863194
prettier-solidity (pkg),nethermindeth,2.736842105263158,0.0
prettier-solidity (pkg),olympus,5.268292682926829,9.847058048780488e-06
prettier-solidity (pkg),onlydustxyz,1.2727272727272727,0.0
prettier-solidity (pkg),op,2.4,0.991905129860916
prettier-solidity (pkg),open-sea,5.850746268656716,0.8112671755350406
prettier-solidity (pkg),openzeppelin,0.43410852713178294,0.0
prettier-solidity (pkg),opti-domains,0.03225806451612903,0.0
prettier-solidity (pkg),orbiter-finance,1.4285714285714284,0.0012335197444356724
prettier-solidity (pkg),pendle-finance,0.39344262295081966,0.0
prettier-solidity (pkg),perpetual-protocol,3.0,178.6539623670279
prettier-solidity (pkg),pickle-finance,0.0,0.01066755131618092
prettier-solidity (pkg),polynomial-protocol,0.0,0.03162885579852942
prettier-solidity (pkg),polysensus-chaintrap,0.16666666666666666,0.0
prettier-solidity (pkg),pool-together,8.987864077669903,1.3128172248583945
prettier-solidity (pkg),premiafinance,0.8235294117647058,0.0
prettier-solidity (pkg),protocol-guild,4.486486486486487,0.0
prettier-solidity (pkg),pyth-network,1.5,0.0
prettier-solidity (pkg),questbook,0.2,0.0
prettier-solidity (pkg),rainbow,0.47619047619047616,0.0025025240722062734
prettier-solidity (pkg),rareskills,0.1509433962264151,0.0
prettier-solidity (pkg),redstone-finance,0.1791044776119403,0.0
prettier-solidity (pkg),remix-project,0.9,0.0
prettier-solidity (pkg),rigo-block,0.14285714285714285,1.6878249571428573e-05
prettier-solidity (pkg),rocket-pool,0.391304347826087,0.0
prettier-solidity (pkg),router-protocol,3.6105263157894734,0.31208455842996485
prettier-solidity (pkg),rubicon,2.16,0.291160104656881
prettier-solidity (pkg),sablier,0.8421052631578947,0.001851788432456908
prettier-solidity (pkg),saddle-finance,0.05,0.0001884377712087919
prettier-solidity (pkg),safe-global,7.245283018867925,12.177832247844414
prettier-solidity (pkg),scope-lift,2.8125,0.004217570503094344
prettier-solidity (pkg),set-protocol,0.015625,0.0013689034331899135
prettier-solidity (pkg),shapeshift,0.6521739130434783,0.0
prettier-solidity (pkg),sherlock-audit,0.4468599033816425,0.0
prettier-solidity (pkg),shutter-network,0.5,0.0
prettier-solidity (pkg),smallbraingames,0.24,0.0
prettier-solidity (pkg),snapshot-labs,1.2413793103448276,0.0
prettier-solidity (pkg),snekmate,0.3333333333333333,0.0
prettier-solidity (pkg),socket,2.5098039215686274,1.7172184196818456
prettier-solidity (pkg),sound-xyz,0.2222222222222222,0.12607313770946554
prettier-solidity (pkg),sphinx-chugsplash,0.2727272727272727,0.0
prettier-solidity (pkg),stackup,0.2,2.38291443284e-08
prettier-solidity (pkg),stargate-finance,0.0,3.862481074227337
prettier-solidity (pkg),summer-fi,2.025,0.0004527033056650973
prettier-solidity (pkg),superfluid,0.5,0.004982525126396018
prettier-solidity (pkg),sushi,18.615384615384617,3.262736915581735
prettier-solidity (pkg),symbiosis-finance,0.26666666666666666,0.02964419330619902
prettier-solidity (pkg),synapse,0.3333333333333333,0.02579921255746056
prettier-solidity (pkg),synthetix,6.471698113207547,5.364137252132654
prettier-solidity (pkg),tarot-finance,0.0,0.42397549411979024
prettier-solidity (pkg),thales,1.2682926829268293,0.7994034185507799
prettier-solidity (pkg),third-web,3.6923076923076925,0.094928749839911
prettier-solidity (pkg),threshold-network,0.25,0.002605179969206774
prettier-solidity (pkg),turbo-eth,0.15384615384615385,0.0
prettier-solidity (pkg),umbra,0.25,0.012721360403086784
prettier-solidity (pkg),uniswap,14.666666666666666,15.384578833352506
prettier-solidity (pkg),unlock-protocol,0.27586206896551724,0.00011570362607554217
prettier-solidity (pkg),usecannon,0.8888888888888888,0.0
prettier-solidity (pkg),velodrome,0.8,13.064544883179929
prettier-solidity (pkg),vesper,0.8166666666666667,0.7999808033091665
prettier-solidity (pkg),voteagora,0.42857142857142855,0.0
prettier-solidity (pkg),wido,0.03125,0.03620008136965585
prettier-solidity (pkg),wighawag,0.25,0.0
prettier-solidity (pkg),worldcoin,10.5,71.59905676047391
prettier-solidity (pkg),wormhole,1.6,0.01848794506641302
prettier-solidity (pkg),xen-crypto-faircrypto,0.0,94.65005981330155
prettier-solidity (pkg),yearn,38.5364238410596,1.9247423076580752
prettier-solidity (pkg),zerion,0.42105263157894735,0.10604542495150115
prettier-solidity (pkg),zora,4.311999999999999,0.04301889871653327
rainbow (pkg),0xbcamp,0.24242424242424243,0.0
rainbow (pkg),atxdao,0.11538461538461539,0.0
rainbow (pkg),aw-labs,0.2727272727272727,0.0
rainbow (pkg),axelar,2.3859649122807016,0.04809043545309066
rainbow (pkg),backed,0.21052631578947367,0.051296273353807216
rainbow (pkg),beethoven-x,0.4666666666666667,0.1782431594424111
rainbow (pkg),biconomy,1.2121212121212122,0.10032972421795039
rainbow (pkg),bond-protocol,0.2857142857142857,3.737415315688571e-07
rainbow (pkg),buidlguidl,1.0620915032679739,0.0
rainbow (pkg),commons-stack,0.09375,0.0
rainbow (pkg),connext,0.26666666666666666,0.19133115932517591
rainbow (pkg),dapp-learning-dao,0.0967741935483871,0.0
rainbow (pkg),decent,0.923076923076923,0.003034963535086739
rainbow (pkg),defi-llama,1.5813953488372092,0.02392593758862829
rainbow (pkg),defi-wonderland,0.043478260869565216,0.0
rainbow (pkg),dm3-protocol,0.2,0.0
rainbow (pkg),flipside-crypto,0.5161290322580645,0.0001718594182731924
rainbow (pkg),fuji-finance,0.18518518518518517,0.00476333454613189
rainbow (pkg),geo-web,0.11764705882352941,0.0005285977775005099
rainbow (pkg),gitcoin,2.314285714285714,0.10407233117013573
rainbow (pkg),givepraise,0.6666666666666666,0.0
rainbow (pkg),givestation,0.2,0.0
rainbow (pkg),hamster-shared,0.47058823529411764,0.0
rainbow (pkg),herodotusdev,0.631578947368421,0.0
rainbow (pkg),hypercerts,0.8421052631578947,0.09548918946999087
rainbow (pkg),itu-blockchain,0.36,0.0
rainbow (pkg),kernel-community,0.025,0.0
rainbow (pkg),kiwi-news-attestate,0.5,0.0
rainbow (pkg),kwenta,0.2564102564102564,0.5783960108567314
rainbow (pkg),layer-zero,0.021897810218978103,0.7211008481666001
rainbow (pkg),layerswap,0.375,0.0
rainbow (pkg),lyra-finance,0.043478260869565216,0.15920293586091244
rainbow (pkg),mean-finance,0.03361344537815126,1.656521654133616e-05
rainbow (pkg),nftearth,0.046875,0.0
rainbow (pkg),nifty-kit,0.1,0.0018755487238909323
rainbow (pkg),oceanprotocol,0.2542372881355932,0.0
rainbow (pkg),olympus,0.14634146341463414,2.7352939024390245e-07
rainbow (pkg),op,2.4,0.991905129860916
rainbow (pkg),opti-domains,0.03225806451612903,0.0
rainbow (pkg),orbiter-finance,0.6349206349206349,0.0005482309975269655
rainbow (pkg),otterspace-xyz,0.09090909090909091,0.0
rainbow (pkg),pairwise-general-magic,0.9090909090909091,0.0
rainbow (pkg),pokt-network,0.8333333333333334,0.0
rainbow (pkg),pool-together,0.42475728155339804,0.06204240193092602
rainbow (pkg),rainbow,1.9047619047619047,0.010010096288825094
rainbow (pkg),rareskills,0.03773584905660377,0.0
rainbow (pkg),revert-finance,0.08333333333333333,0.02496545060629854
rainbow (pkg),revolte-pgrandne,0.16666666666666666,0.0
rainbow (pkg),saddle-finance,0.05,0.0001884377712087919
rainbow (pkg),scope-lift,1.25,0.0018744757791530418
rainbow (pkg),show-karma,0.1111111111111111,0.0
rainbow (pkg),socket,0.6274509803921569,0.4293046049204614
rainbow (pkg),superfluid,2.0,0.01993010050558407
rainbow (pkg),synthetix,2.1132075471698113,1.75155502110454
rainbow (pkg),thales,1.2682926829268293,0.7994034185507799
rainbow (pkg),tokenbound,0.375,0.0
rainbow (pkg),turbo-eth,0.5641025641025641,0.0
rainbow (pkg),upnodedev,0.2777777777777778,0.0
rainbow (pkg),usecannon,0.8888888888888888,0.0
rainbow (pkg),wagmi-dev,0.23529411764705882,0.0
rainbow (pkg),wido,0.03125,0.03620008136965585
rainbow (pkg),wtfacademy,1.3333333333333333,0.0
rainbow (pkg),yearn,1.1655629139072847,0.058215268284554256
rainbow (pkg),zora,4.311999999999999,0.04301889871653327
socket (pkg),aloe-ii,0.15384615384615385,0.00035369098091524317
socket (pkg),exactly,0.3548387096774194,0.03613877943761926
socket (pkg),inverse-finance,0.06818181818181818,3.332705909090909e-07
socket (pkg),kwenta,0.2564102564102564,0.5783960108567314
socket (pkg),lyra-finance,0.043478260869565216,0.15920293586091244
socket (pkg),synthetix,0.1320754716981132,0.10947218881903376
socket (pkg),thales,1.2682926829268293,0.7994034185507799
solady-vectorized (pkg),fraxfinance,0.016666666666666666,0.008030951946551701
solady-vectorized (pkg),gitcoin,0.2571428571428571,0.011563592352237303
solady-vectorized (pkg),open-sea,0.11940298507462686,0.01655647297010287
solady-vectorized (pkg),rareskills,0.03773584905660377,0.0
solady-vectorized (pkg),sherlock-audit,0.024154589371980676,0.0
solady-vectorized (pkg),sphinx-chugsplash,0.2727272727272727,0.0
solady-vectorized (pkg),zora,0.088,0.000877936708500679
synpress-synthexio (pkg),fuji-finance,0.18518518518518517,0.00476333454613189
synpress-synthexio (pkg),grindery-io,0.13157894736842105,0.0
synpress-synthexio (pkg),hypercerts,0.21052631578947367,0.023872297367497717
synpress-synthexio (pkg),kwenta,0.2564102564102564,0.5783960108567314
synpress-synthexio (pkg),kyber-swap,0.09782608695652174,0.030179566847509377
synpress-synthexio (pkg),limechain,0.0625,0.0
synpress-synthexio (pkg),sherlock-audit,0.012077294685990338,0.0
synpress-synthexio (pkg),superfluid,0.125,0.0012456312815990044
synpress-synthexio (pkg),synthetix,0.1320754716981132,0.10947218881903376
tryethernal (pkg),shapeshift,0.13043478260869565,0.0
tryethernal (pkg),taho-wallet,0.6153846153846154,0.0
typechain-dethcrypto (pkg),0x-splits,1.1428571428571428,0.0009487970078667603
typechain-dethcrypto (pkg),0xbcamp,0.36363636363636365,0.0
typechain-dethcrypto (pkg),1-inch,0.1871345029239766,0.22680968241249197
typechain-dethcrypto (pkg),aave,57.53138075313808,1.5383569692530377
typechain-dethcrypto (pkg),abracadabra,0.9,0.030394812060865643
typechain-dethcrypto (pkg),across,2.9661016949152543,1.9341971655587475
typechain-dethcrypto (pkg),acrypto-s,1.0,0.0002187129994317595
typechain-dethcrypto (pkg),adrastia-oracle,0.038461538461538464,0.018049981396419494
typechain-dethcrypto (pkg),aelin,1.9285714285714284,0.013701811729703944
typechain-dethcrypto (pkg),aktionariat,0.16666666666666666,8.333332525912699e-05
typechain-dethcrypto (pkg),alchemix,0.8205128205128205,0.014871750229767496
typechain-dethcrypto (pkg),alliance-bridge,0.3333333333333333,3.820654666666667e-06
typechain-dethcrypto (pkg),angle-protocol,8.43956043956044,1.7234888542211224
typechain-dethcrypto (pkg),ankr-network,0.3333333333333333,0.0
typechain-dethcrypto (pkg),another-world,0.47368421052631576,0.04175263097806651
typechain-dethcrypto (pkg),arcadia-finance,0.4444444444444444,0.000960852480036696
typechain-dethcrypto (pkg),arrakis-finance,2.16,0.1404080371265435
typechain-dethcrypto (pkg),atxdao,0.11538461538461539,0.0
typechain-dethcrypto (pkg),aura,0.15384615384615385,0.007756581855242987
typechain-dethcrypto (pkg),aw-labs,0.09090909090909091,0.0
typechain-dethcrypto (pkg),axelar,7.307017543859649,0.14727695857509016
typechain-dethcrypto (pkg),backed,0.21052631578947367,0.051296273353807216
typechain-dethcrypto (pkg),beamer-bridge,1.6,0.01326571189875254
typechain-dethcrypto (pkg),beefy-finance,0.9795918367346939,0.1511423809846184
typechain-dethcrypto (pkg),beethoven-x,2.9166666666666665,1.1140197465150694
typechain-dethcrypto (pkg),biconomy,4.848484848484849,0.40131889687180156
typechain-dethcrypto (pkg),blockscout,1.6666666666666667,0.0
typechain-dethcrypto (pkg),buidlguidl,1.2320261437908497,0.0
typechain-dethcrypto (pkg),celer,0.0,0.3088085124733084
typechain-dethcrypto (pkg),chainlink,1.6923076923076923,1.4273963914082795
typechain-dethcrypto (pkg),cliqueofficial,0.8333333333333334,0.0
typechain-dethcrypto (pkg),commons-stack,0.1875,0.0
typechain-dethcrypto (pkg),connext,6.666666666666667,4.783278983129398
typechain-dethcrypto (pkg),coordinape,0.5,0.04396625800629332
typechain-dethcrypto (pkg),cozy-finance,0.14285714285714285,0.03725256717677328
typechain-dethcrypto (pkg),curve,0.44,0.07223371769588312
typechain-dethcrypto (pkg),d-hedge,0.0,0.04487545806130361
typechain-dethcrypto (pkg),dapp-learning-dao,0.0967741935483871,0.0
typechain-dethcrypto (pkg),dappnode,0.41935483870967744,0.0
typechain-dethcrypto (pkg),de-bank,1.9,0.014207559326017744
typechain-dethcrypto (pkg),debridge-finance,0.18461538461538463,0.0
typechain-dethcrypto (pkg),decent,0.02564102564102564,8.430454264129831e-05
typechain-dethcrypto (pkg),defi-llama,1.5813953488372092,0.02392593758862829
typechain-dethcrypto (pkg),defi-wonderland,0.08695652173913043,0.0
typechain-dethcrypto (pkg),defiedge,0.36,0.0013799342199312472
typechain-dethcrypto (pkg),dexkit,0.05405405405405406,0.0
typechain-dethcrypto (pkg),dm3-protocol,0.2,0.0
typechain-dethcrypto (pkg),elk-finance,0.05555555555555555,0.004506723637244577
typechain-dethcrypto (pkg),eth-infinitism-account-abstraction,0.14285714285714285,0.0
typechain-dethcrypto (pkg),ethereum-attestation-service,0.375,0.0
typechain-dethcrypto (pkg),ethernautdao,0.14285714285714285,0.0
typechain-dethcrypto (pkg),exactly,5.67741935483871,0.5782204710019082
typechain-dethcrypto (pkg),filosofiacodigo,0.11764705882352941,0.0
typechain-dethcrypto (pkg),flipside-crypto,0.5161290322580645,0.0001718594182731924
typechain-dethcrypto (pkg),footprintanalytics,1.5,0.0
typechain-dethcrypto (pkg),foundry,1.1,0.0
typechain-dethcrypto (pkg),fraxfinance,0.06666666666666667,0.032123807786206805
typechain-dethcrypto (pkg),fuji-finance,0.7407407407407407,0.01905333818452756
typechain-dethcrypto (pkg),gelato,45.02078521939954,15.688101463320232
typechain-dethcrypto (pkg),geo-web,0.11764705882352941,0.0005285977775005099
typechain-dethcrypto (pkg),gitcoin,6.428571428571428,0.28908980880593255
typechain-dethcrypto (pkg),giveth,0.7317073170731707,0.0
typechain-dethcrypto (pkg),gov-w3hc,0.09090909090909091,0.0
typechain-dethcrypto (pkg),grindery-io,0.2631578947368421,0.0
typechain-dethcrypto (pkg),hai-on-op,1.0909090909090908,0.0
typechain-dethcrypto (pkg),hashflow,0.13333333333333333,0.002085100671825588
typechain-dethcrypto (pkg),holograph,2.962962962962963,0.6437027520088854
typechain-dethcrypto (pkg),hop-protocol,2.2222222222222223,0.16405085501128058
typechain-dethcrypto (pkg),hypercerts,0.21052631578947367,0.023872297367497717
typechain-dethcrypto (pkg),idle-finance,0.06382978723404255,0.0
typechain-dethcrypto (pkg),insta-dapp,1.3714285714285714,0.011152451766831635
typechain-dethcrypto (pkg),insuredao,0.027777777777777776,1.0651588059067222e-06
typechain-dethcrypto (pkg),interest-protocol,1.6666666666666667,0.0010450339150961288
typechain-dethcrypto (pkg),inverse-finance,0.6136363636363635,2.999435318181818e-06
typechain-dethcrypto (pkg),iron-bank,0.08333333333333333,0.004456180521300628
typechain-dethcrypto (pkg),itu-blockchain,0.24,0.0
typechain-dethcrypto (pkg),jarvis-network,0.3333333333333333,3.1347916143000003e-06
typechain-dethcrypto (pkg),kernel-community,0.025,0.0
typechain-dethcrypto (pkg),kromatika-finance,0.0,0.029997330640714245
typechain-dethcrypto (pkg),kwenta,2.3076923076923075,5.205564097710583
typechain-dethcrypto (pkg),kyber-swap,1.565217391304348,0.48287306956015
typechain-dethcrypto (pkg),l2beat,1.5384615384615385,0.0
typechain-dethcrypto (pkg),latticexyz,0.7936507936507936,0.0
typechain-dethcrypto (pkg),layerswap,0.375,0.0
typechain-dethcrypto (pkg),lido,100.0,0.167782329761503
typechain-dethcrypto (pkg),lifinance,0.5833333333333334,3.2501555833333335e-06
typechain-dethcrypto (pkg),limechain,0.4375,0.0
typechain-dethcrypto (pkg),liquity,0.09523809523809523,0.0
typechain-dethcrypto (pkg),lyra-finance,3.5217391304347827,12.895437804733907
typechain-dethcrypto (pkg),maker-dao,7.128712871287129,0.0
typechain-dethcrypto (pkg),mean-finance,6.588235294117647,0.0032467824421018874
typechain-dethcrypto (pkg),meson-fi,0.07142857142857142,0.04337288696029877
typechain-dethcrypto (pkg),metagame-metafam,0.375,0.0
typechain-dethcrypto (pkg),metamask,2.76,0.0948025916332806
typechain-dethcrypto (pkg),mirror,0.0,0.08214958520947765
typechain-dethcrypto (pkg),mux-world,0.13333333333333333,0.0
typechain-dethcrypto (pkg),nested,0.0,0.10726748934863194
typechain-dethcrypto (pkg),nethermindeth,4.7894736842105265,0.0
typechain-dethcrypto (pkg),nftearth,0.046875,0.0
typechain-dethcrypto (pkg),olympus,3.6585365853658534,6.8382347560975616e-06
typechain-dethcrypto (pkg),omni-swap,0.16666666666666666,0.6294355551419413
typechain-dethcrypto (pkg),omnibtc,0.42857142857142855,0.0
typechain-dethcrypto (pkg),onlydustxyz,0.6363636363636364,0.0
typechain-dethcrypto (pkg),op,5.3999999999999995,2.231786542187061
typechain-dethcrypto (pkg),open-sea,4.298507462686567,0.5960330269237033
typechain-dethcrypto (pkg),openzeppelin,0.43410852713178294,0.0
typechain-dethcrypto (pkg),opti-domains,0.0967741935483871,0.0
typechain-dethcrypto (pkg),orbiter-finance,1.4285714285714284,0.0012335197444356724
typechain-dethcrypto (pkg),otterspace-xyz,0.09090909090909091,0.0
typechain-dethcrypto (pkg),pendle-finance,0.45901639344262296,0.0
typechain-dethcrypto (pkg),perpetual-protocol,7.259259259259259,432.2984768387342
typechain-dethcrypto (pkg),pickle-finance,0.0,0.01066755131618092
typechain-dethcrypto (pkg),pokt-network,0.4166666666666667,0.0
typechain-dethcrypto (pkg),polynomial-protocol,0.0,0.03162885579852942
typechain-dethcrypto (pkg),polysensus-chaintrap,0.16666666666666666,0.0
typechain-dethcrypto (pkg),pool-together,1.6990291262135921,0.24816960772370408
typechain-dethcrypto (pkg),premiafinance,1.6470588235294117,0.0
typechain-dethcrypto (pkg),protocol-guild,2.2432432432432434,0.0
typechain-dethcrypto (pkg),qidao-mai-finance,0.25,0.04015075794310432
typechain-dethcrypto (pkg),questbook,0.32,0.0
typechain-dethcrypto (pkg),rango-exchange,0.7777777777777778,0.0013784996343240905
typechain-dethcrypto (pkg),rareskills,0.11320754716981132,0.0
typechain-dethcrypto (pkg),redstone-finance,0.3134328358208955,0.0
typechain-dethcrypto (pkg),router-protocol,5.968421052631578,0.515894882302595
typechain-dethcrypto (pkg),rubicon,0.24,0.032351122739653446
typechain-dethcrypto (pkg),saddle-finance,0.45,0.0016959399408791273
typechain-dethcrypto (pkg),safe-global,22.18867924528302,37.29461125902352
typechain-dethcrypto (pkg),scope-lift,2.8125,0.004217570503094344
typechain-dethcrypto (pkg),set-protocol,0.765625,0.06707626822630576
typechain-dethcrypto (pkg),shapeshift,0.5217391304347826,0.0
typechain-dethcrypto (pkg),sherlock-audit,0.4106280193236715,0.0
typechain-dethcrypto (pkg),show-karma,0.1111111111111111,0.0
typechain-dethcrypto (pkg),smallbraingames,0.16,0.0
typechain-dethcrypto (pkg),snapshot-labs,0.41379310344827586,0.0
typechain-dethcrypto (pkg),socket,5.647058823529411,3.8637414442841527
typechain-dethcrypto (pkg),sonne-finance,0.0,0.09703969392822574
typechain-dethcrypto (pkg),sound-xyz,0.2222222222222222,0.12607313770946554
typechain-dethcrypto (pkg),stackup,0.2,2.38291443284e-08
typechain-dethcrypto (pkg),summer-fi,3.6,0.0008048058767379507
typechain-dethcrypto (pkg),superfluid,3.125,0.03114078203997511
typechain-dethcrypto (pkg),sushi,16.961538461538463,2.972865660685011
typechain-dethcrypto (pkg),symbiosis-finance,1.0666666666666667,0.11857677322479608
typechain-dethcrypto (pkg),synapse,3.0,0.23219291301714504
typechain-dethcrypto (pkg),synthetix,10.69811320754717,8.867247294341734
typechain-dethcrypto (pkg),tarot-finance,0.0,1.1777097058883061
typechain-dethcrypto (pkg),third-web,8.307692307692308,0.21358968713979973
typechain-dethcrypto (pkg),tide-protocol-fiveelementslabs,0.2,0.0
typechain-dethcrypto (pkg),turbo-eth,0.15384615384615385,0.0
typechain-dethcrypto (pkg),umbra,0.25,0.012721360403086784
typechain-dethcrypto (pkg),uniswap,38.729166666666664,40.62490348182146
typechain-dethcrypto (pkg),unlock-protocol,5.586206896551724,0.002342998428029729
typechain-dethcrypto (pkg),upnodedev,0.5555555555555556,0.0
typechain-dethcrypto (pkg),usecannon,0.8888888888888888,0.0
typechain-dethcrypto (pkg),velodrome,0.8,13.064544883179929
typechain-dethcrypto (pkg),vesper,0.26666666666666666,0.26121822148870744
typechain-dethcrypto (pkg),voteagora,0.42857142857142855,0.0
typechain-dethcrypto (pkg),warden-swap,0.0,0.0105355303638142
typechain-dethcrypto (pkg),wido,0.03125,0.03620008136965585
typechain-dethcrypto (pkg),worldcoin,0.21428571428571427,1.4612052400096718
typechain-dethcrypto (pkg),wormhole,78.4,0.905909308254238
typechain-dethcrypto (pkg),yearn,2.622516556291391,0.13098435364024708
typechain-dethcrypto (pkg),zora,5.632,0.056187949344043454
usecannon (pkg),aelin,0.8571428571428571,0.006089694102090642
usecannon (pkg),synthetix,42.79245283018868,35.468989177366936
usecannon (pkg),usecannon,1.7777777777777777,0.0
usedapp-truefieng (pkg),atxdao,0.038461538461538464,0.0
usedapp-truefieng (pkg),olympus,0.14634146341463414,2.7352939024390245e-07
usedapp-truefieng (pkg),pool-together,0.1529126213592233,0.022335264695133368
usedapp-truefieng (pkg),third-web,0.9230769230769231,0.02373218745997775
waffle-truefieng (pkg),0x-splits,0.2857142857142857,0.00023719925196669008
waffle-truefieng (pkg),0xbcamp,0.36363636363636365,0.0
waffle-truefieng (pkg),aave,26.602510460251047,0.7113362625826046
waffle-truefieng (pkg),abracadabra,0.9,0.030394812060865643
waffle-truefieng (pkg),across,1.8983050847457628,1.2378861859575985
waffle-truefieng (pkg),adrastia-oracle,0.34615384615384615,0.16244983256777545
waffle-truefieng (pkg),aelin,0.21428571428571427,0.0015224235255226605
waffle-truefieng (pkg),agoraxyz,0.0967741935483871,0.0
waffle-truefieng (pkg),alchemix,0.8205128205128205,0.014871750229767496
waffle-truefieng (pkg),alliance-bridge,0.08333333333333333,9.551636666666667e-07
waffle-truefieng (pkg),angle-protocol,2.6703296703296706,0.545322645280902
waffle-truefieng (pkg),arcadia-finance,0.4444444444444444,0.000960852480036696
waffle-truefieng (pkg),arrakis-finance,1.3066666666666666,0.08493819529877324
waffle-truefieng (pkg),atxdao,0.038461538461538464,0.0
waffle-truefieng (pkg),aura,0.15384615384615385,0.007756581855242987
waffle-truefieng (pkg),axelar,0.5964912280701754,0.012022608863272666
waffle-truefieng (pkg),backed,0.05263157894736842,0.012824068338451804
waffle-truefieng (pkg),banklessdao,0.16666666666666666,0.0
waffle-truefieng (pkg),beefy-finance,2.204081632653061,0.3400703572153914
waffle-truefieng (pkg),beethoven-x,2.9166666666666665,1.1140197465150694
waffle-truefieng (pkg),biconomy,4.848484848484849,0.40131889687180156
waffle-truefieng (pkg),blockscout,1.6666666666666667,0.0
waffle-truefieng (pkg),buidlguidl,0.6372549019607844,0.0
waffle-truefieng (pkg),celer,0.0,0.19763744798291738
waffle-truefieng (pkg),chainlink,1.6923076923076923,1.4273963914082795
waffle-truefieng (pkg),commons-stack,0.1875,0.0
waffle-truefieng (pkg),connext,5.4,3.8744559763348123
waffle-truefieng (pkg),coordinape,0.5,0.04396625800629332
waffle-truefieng (pkg),cozy-finance,0.14285714285714285,0.03725256717677328
waffle-truefieng (pkg),curve,0.44,0.07223371769588312
waffle-truefieng (pkg),dapp-learning-dao,0.29032258064516125,0.0
waffle-truefieng (pkg),dappnode,0.6290322580645161,0.0
waffle-truefieng (pkg),de-bank,1.9,0.014207559326017744
waffle-truefieng (pkg),debridge-finance,0.18461538461538463,0.0
waffle-truefieng (pkg),decent,0.02564102564102564,8.430454264129831e-05
waffle-truefieng (pkg),decommas,0.07692307692307693,0.0
waffle-truefieng (pkg),defi-llama,1.5813953488372092,0.02392593758862829
waffle-truefieng (pkg),defi-wonderland,0.043478260869565216,0.0
waffle-truefieng (pkg),defiedge,0.16,0.000613304097747221
waffle-truefieng (pkg),dexkit,0.2702702702702703,0.0
waffle-truefieng (pkg),dforce-network,0.0,0.06973069355655274
waffle-truefieng (pkg),elk-finance,0.5,0.0405605127352012
waffle-truefieng (pkg),eth-infinitism-account-abstraction,0.14285714285714285,0.0
waffle-truefieng (pkg),ethernautdao,0.14285714285714285,0.0
waffle-truefieng (pkg),filosofiacodigo,0.11764705882352941,0.0
waffle-truefieng (pkg),forta-network,0.875,0.0
waffle-truefieng (pkg),foundry,2.2,0.0
waffle-truefieng (pkg),fraxfinance,0.06666666666666667,0.032123807786206805
waffle-truefieng (pkg),fuji-finance,0.7407407407407407,0.01905333818452756
waffle-truefieng (pkg),galxe,0.2,1.4808024104822384
waffle-truefieng (pkg),gelato,14.189376443418015,4.944480116478891
waffle-truefieng (pkg),geo-web,0.029411764705882353,0.00013214944437512749
waffle-truefieng (pkg),gitcoin,12.599999999999998,0.5666160252596278
waffle-truefieng (pkg),giveth,0.5853658536585366,0.0
waffle-truefieng (pkg),grindery-io,0.13157894736842105,0.0
waffle-truefieng (pkg),holograph,1.6666666666666665,0.36208279800499804
waffle-truefieng (pkg),hop-protocol,1.4222222222222223,0.10499254720721958
waffle-truefieng (pkg),hypercerts,0.21052631578947367,0.023872297367497717
waffle-truefieng (pkg),idle-finance,0.22340425531914893,0.0
waffle-truefieng (pkg),infinity-keys,0.5,0.0
waffle-truefieng (pkg),infinitywallet,2.4,0.0
waffle-truefieng (pkg),insta-dapp,3.085714285714286,0.025093016475371183
waffle-truefieng (pkg),insuredao,0.4444444444444444,1.7042540894507556e-05
waffle-truefieng (pkg),interest-protocol,0.9375,0.0005878315772415724
waffle-truefieng (pkg),inverse-finance,1.0909090909090908,5.3323294545454546e-06
waffle-truefieng (pkg),iron-bank,0.5208333333333333,0.027851128258128927
waffle-truefieng (pkg),itu-blockchain,0.3,0.0
waffle-truefieng (pkg),kernel-community,0.07500000000000001,0.0
waffle-truefieng (pkg),kwenta,4.102564102564102,9.254336173707703
waffle-truefieng (pkg),kyber-swap,0.8804347826086957,0.27161610162758437
waffle-truefieng (pkg),latticexyz,0.15873015873015872,0.0
waffle-truefieng (pkg),layer-zero,3.7007299270072993,121.86604334015543
waffle-truefieng (pkg),lido,4.0,0.00671129319046012
waffle-truefieng (pkg),limechain,0.5,0.0
waffle-truefieng (pkg),liquity,0.09523809523809523,0.0
waffle-truefieng (pkg),lyra-finance,0.17391304347826086,0.6368117434436498
waffle-truefieng (pkg),maker-dao,7.128712871287129,0.0
waffle-truefieng (pkg),mean-finance,4.067226890756302,0.0020043912015016755
waffle-truefieng (pkg),meson-fi,0.07142857142857142,0.04337288696029877
waffle-truefieng (pkg),metagame-metafam,0.375,0.0
waffle-truefieng (pkg),mirror,0.0,0.08214958520947765
waffle-truefieng (pkg),mummy-finance,0.0,0.775107521289624
waffle-truefieng (pkg),mux-world,0.13333333333333333,0.0
waffle-truefieng (pkg),nested,0.0,0.10726748934863194
waffle-truefieng (pkg),nethermindeth,4.105263157894737,0.0
waffle-truefieng (pkg),oceanprotocol,0.2542372881355932,0.0
waffle-truefieng (pkg),olympus,1.3170731707317072,2.461764512195122e-06
waffle-truefieng (pkg),onlydustxyz,0.6363636363636364,0.0
waffle-truefieng (pkg),op,21.599999999999998,8.927146168748244
waffle-truefieng (pkg),open-sea,1.9104477611940298,0.2649035675216459
waffle-truefieng (pkg),openzeppelin,0.43410852713178294,0.0
waffle-truefieng (pkg),opti-domains,0.03225806451612903,0.0
waffle-truefieng (pkg),orbiter-finance,0.6349206349206349,0.0005482309975269655
waffle-truefieng (pkg),otterspace-xyz,0.09090909090909091,0.0
waffle-truefieng (pkg),overnight,0.38095238095238093,0.2718793392653553
waffle-truefieng (pkg),pendle-finance,0.26229508196721313,0.0
waffle-truefieng (pkg),perpetual-protocol,2.3703703703703702,141.1586863146887
waffle-truefieng (pkg),pickle-finance,0.0,0.01066755131618092
waffle-truefieng (pkg),pika-protocol,0.48484848484848486,1.9818126511269734
waffle-truefieng (pkg),polynomial-protocol,0.0,0.12651542319411768
waffle-truefieng (pkg),pool-together,22.019417475728154,3.216278116099205
waffle-truefieng (pkg),protocol-guild,2.2432432432432434,0.0
waffle-truefieng (pkg),punk-domains,0.06896551724137931,2.1070849285851586e-05
waffle-truefieng (pkg),qidao-mai-finance,0.25,0.04015075794310432
waffle-truefieng (pkg),questbook,0.28,0.0
waffle-truefieng (pkg),rainbow,0.47619047619047616,0.0025025240722062734
waffle-truefieng (pkg),rango-exchange,0.7777777777777778,0.0013784996343240905
waffle-truefieng (pkg),rareskills,0.03773584905660377,0.0
waffle-truefieng (pkg),redstone-finance,0.4477611940298507,0.0
waffle-truefieng (pkg),rigo-block,0.14285714285714285,1.6878249571428573e-05
waffle-truefieng (pkg),rocket-pool,0.391304347826087,0.0
waffle-truefieng (pkg),router-protocol,5.968421052631578,0.515894882302595
waffle-truefieng (pkg),rubicon,0.24,0.032351122739653446
waffle-truefieng (pkg),safe-global,0.4528301886792453,0.7611145154902759
waffle-truefieng (pkg),scope-lift,1.953125,0.0029288684049266277
waffle-truefieng (pkg),set-protocol,0.765625,0.06707626822630576
waffle-truefieng (pkg),shapeshift,0.7826086956521738,0.0
waffle-truefieng (pkg),sherlock-audit,0.3502415458937198,0.0
waffle-truefieng (pkg),show-karma,0.1111111111111111,0.0
waffle-truefieng (pkg),shutter-network,0.5,0.0
waffle-truefieng (pkg),snapshot-labs,0.8275862068965517,0.0
waffle-truefieng (pkg),socket,1.4117647058823528,0.9659353610710382
waffle-truefieng (pkg),sonne-finance,0.0,0.09703969392822574
waffle-truefieng (pkg),sound-xyz,0.2222222222222222,0.12607313770946554
waffle-truefieng (pkg),stackup,0.05,5.9572860821e-09
waffle-truefieng (pkg),stargate-finance,0.0,15.449924296909348
waffle-truefieng (pkg),steer-protocol,0.0,0.011807002680008064
waffle-truefieng (pkg),summer-fi,2.025,0.0004527033056650973
waffle-truefieng (pkg),superfluid,0.125,0.0012456312815990044
waffle-truefieng (pkg),sushi,24.03846153846154,4.213244983964017
waffle-truefieng (pkg),symbiosis-finance,0.26666666666666666,0.02964419330619902
waffle-truefieng (pkg),synapse,1.3333333333333333,0.10319685022984224
waffle-truefieng (pkg),synthetix,4.754716981132075,3.940998797485215
waffle-truefieng (pkg),taho-wallet,1.2307692307692308,0.0
waffle-truefieng (pkg),tarot-finance,0.0,1.1777097058883061
waffle-truefieng (pkg),third-web,8.307692307692308,0.21358968713979973
waffle-truefieng (pkg),threshold-network,0.25,0.002605179969206774
waffle-truefieng (pkg),turbo-eth,0.15384615384615385,0.0
waffle-truefieng (pkg),umbra,0.25,0.012721360403086784
waffle-truefieng (pkg),uniswap,33.0,34.61530237504314
waffle-truefieng (pkg),unlock-protocol,1.7241379310344827,0.0007231476629721386
waffle-truefieng (pkg),velodrome,0.2,3.2661362207949822
waffle-truefieng (pkg),vesper,0.6,0.5877409983495917
waffle-truefieng (pkg),warden-swap,0.0,0.0948197732743278
waffle-truefieng (pkg),wido,0.125,0.1448003254786234
waffle-truefieng (pkg),worldcoin,0.21428571428571427,1.4612052400096718
waffle-truefieng (pkg),yearn,3.5695364238410594,0.1782842591214474
waffle-truefieng (pkg),zora,4.311999999999999,0.04301889871653327
wagmi-dev (pkg),0x-splits,1.1428571428571428,0.0009487970078667603
wagmi-dev (pkg),0xbcamp,1.8181818181818183,0.0
wagmi-dev (pkg),aave,57.53138075313808,1.5383569692530377
wagmi-dev (pkg),abracadabra,3.6,0.12157924824346257
wagmi-dev (pkg),agoraxyz,2.4193548387096775,0.0
wagmi-dev (pkg),aloe-ii,0.6153846153846154,0.0014147639236609727
wagmi-dev (pkg),atxdao,0.19230769230769232,0.0
wagmi-dev (pkg),aw-labs,0.8181818181818182,0.0
wagmi-dev (pkg),axelar,116.91228070175438,2.3564313372014425
wagmi-dev (pkg),backed,0.21052631578947367,0.051296273353807216
wagmi-dev (pkg),bankless-academy,0.5,0.0
wagmi-dev (pkg),beefy-finance,6.122448979591836,0.944639881153865
wagmi-dev (pkg),beethoven-x,4.2,1.6041884349816997
wagmi-dev (pkg),biconomy,24.545454545454547,2.0316769154134953
wagmi-dev (pkg),bitkeep,0.0,0.05342223037271454
wagmi-dev (pkg),blockscout,3.3333333333333335,0.0
wagmi-dev (pkg),bond-protocol,7.142857142857142,9.343538289221428e-06
wagmi-dev (pkg),buidlguidl,2.0392156862745097,0.0
wagmi-dev (pkg),charmverse,5.333333333333333,0.0
wagmi-dev (pkg),cliqueofficial,1.6666666666666667,0.0
wagmi-dev (pkg),commons-stack,0.1875,0.0
wagmi-dev (pkg),connext,5.4,3.8744559763348123
wagmi-dev (pkg),dapp-learning-dao,0.29032258064516125,0.0
wagmi-dev (pkg),dappnode,1.0483870967741935,0.0
wagmi-dev (pkg),de-bank,1.9,0.014207559326017744
wagmi-dev (pkg),decent,9.256410256410255,0.03043393989350869
wagmi-dev (pkg),defi-llama,25.302325581395348,0.38281500141805264
wagmi-dev (pkg),defi-wonderland,0.08695652173913043,0.0
wagmi-dev (pkg),defiedge,0.64,0.002453216390988884
wagmi-dev (pkg),dm3-protocol,0.6000000000000001,0.0
wagmi-dev (pkg),ethereum-attestation-service,0.5,0.0
wagmi-dev (pkg),ethernautdao,0.42857142857142855,0.0
wagmi-dev (pkg),exactly,8.870967741935484,0.9034694859404816
wagmi-dev (pkg),flipside-crypto,12.903225806451612,0.00429648545682981
wagmi-dev (pkg),gelato,0.05542725173210162,0.019314375454995668
wagmi-dev (pkg),geo-web,1.4411764705882353,0.006475322774381247
wagmi-dev (pkg),gitcoin,25.71428571428571,1.1563592352237302
wagmi-dev (pkg),givepraise,2.444444444444444,0.0
wagmi-dev (pkg),givestation,0.4,0.0
wagmi-dev (pkg),giveth,0.2926829268292683,0.0
wagmi-dev (pkg),gov-w3hc,0.18181818181818182,0.0
wagmi-dev (pkg),hamster-shared,0.9411764705882353,0.0
wagmi-dev (pkg),herodotusdev,3.1578947368421053,0.0
wagmi-dev (pkg),hypercerts,3.3684210526315788,0.38195675787996347
wagmi-dev (pkg),insuredao,0.1111111111111111,4.260635223626889e-06
wagmi-dev (pkg),interest-protocol,0.10416666666666667,6.531461969350805e-05
wagmi-dev (pkg),itu-blockchain,1.26,0.0
wagmi-dev (pkg),kernel-community,0.125,0.0
wagmi-dev (pkg),kiwi-news-attestate,2.0,0.0
wagmi-dev (pkg),kromatika-finance,0.0,0.11998932256285698
wagmi-dev (pkg),kwenta,2.3076923076923075,5.205564097710583
wagmi-dev (pkg),l2beat,2.307692307692308,0.0
wagmi-dev (pkg),latticexyz,1.0317460317460316,0.0
wagmi-dev (pkg),layer-zero,0.021897810218978103,0.7211008481666001
wagmi-dev (pkg),layerswap,2.25,0.0
wagmi-dev (pkg),lido,21.777777777777775,0.03653926292583844
wagmi-dev (pkg),lifinance,2.3333333333333335,1.3000622333333334e-05
wagmi-dev (pkg),limechain,0.125,0.0
wagmi-dev (pkg),liquity,0.09523809523809523,0.0
wagmi-dev (pkg),llamafolio,3.0,0.0
wagmi-dev (pkg),locksmithwallet,0.5,0.0
wagmi-dev (pkg),lyra-finance,0.043478260869565216,0.15920293586091244
wagmi-dev (pkg),maker-dao,1.7821782178217822,0.0
wagmi-dev (pkg),mean-finance,0.5378151260504201,0.00026504346466137856
wagmi-dev (pkg),metagame-metafam,1.5,0.0
wagmi-dev (pkg),metagov,1.5,0.0
wagmi-dev (pkg),mutualsupply,1.7142857142857142,0.0
wagmi-dev (pkg),nethermindeth,0.6842105263157895,0.0
wagmi-dev (pkg),nftearth,0.5625,0.0
wagmi-dev (pkg),nifty-kit,2.5,0.04688871809727331
wagmi-dev (pkg),oceanprotocol,3.559322033898305,0.0
wagmi-dev (pkg),olympus,0.14634146341463414,2.7352939024390245e-07
wagmi-dev (pkg),op,101.39999999999999,41.9079917366237
wagmi-dev (pkg),opti-domains,0.16129032258064516,0.0
wagmi-dev (pkg),orbiter-finance,26.825396825396822,0.02316275964551429
wagmi-dev (pkg),otterspace-xyz,0.18181818181818182,0.0
wagmi-dev (pkg),pairwise-general-magic,3.1818181818181817,0.0
wagmi-dev (pkg),paraswap,1.7142857142857142,0.4541067104360301
wagmi-dev (pkg),pokt-network,5.0,0.0
wagmi-dev (pkg),pool-together,4.349514563106796,0.6353141957726824
wagmi-dev (pkg),protocol-guild,4.486486486486487,0.0
wagmi-dev (pkg),pyth-network,4.5,0.0
wagmi-dev (pkg),questbook,0.64,0.0
wagmi-dev (pkg),rabbithole,15.0,25.745414727104947
wagmi-dev (pkg),rainbow,17.142857142857142,0.09009086659942585
wagmi-dev (pkg),rareskills,0.03773584905660377,0.0
wagmi-dev (pkg),remix-project,1.8,0.0
wagmi-dev (pkg),revert-finance,1.3333333333333333,0.39944720970077663
wagmi-dev (pkg),revoke-cash,0.8571428571428571,0.0
wagmi-dev (pkg),revolte-pgrandne,0.6666666666666666,0.0
wagmi-dev (pkg),robo-labs,2.25,0.0
wagmi-dev (pkg),router-protocol,1.8421052631578945,0.15922681552549228
wagmi-dev (pkg),sablier,3.3684210526315788,0.007407153729827632
wagmi-dev (pkg),saddle-finance,0.05,0.0001884377712087919
wagmi-dev (pkg),safe-global,7.245283018867925,12.177832247844414
wagmi-dev (pkg),scope-lift,6.328125,0.009489533631962274
wagmi-dev (pkg),shapeshift,0.2608695652173913,0.0
wagmi-dev (pkg),show-karma,0.6666666666666666,0.0
wagmi-dev (pkg),smallbraingames,0.28,0.0
wagmi-dev (pkg),snapshot-labs,0.41379310344827586,0.0
wagmi-dev (pkg),socket,2.5098039215686274,1.7172184196818456
wagmi-dev (pkg),sound-xyz,0.8888888888888888,0.5042925508378622
wagmi-dev (pkg),summer-fi,0.225,5.030036729612192e-05
wagmi-dev (pkg),superfluid,40.5,0.4035845352380774
wagmi-dev (pkg),sushi,0.34615384615384615,0.060670727769081854
wagmi-dev (pkg),synthetix,15.981132075471699,13.246134847103084
wagmi-dev (pkg),thales,1.2682926829268293,0.7994034185507799
wagmi-dev (pkg),third-web,2.076923076923077,0.05339742178494993
wagmi-dev (pkg),threshold-network,0.25,0.002605179969206774
wagmi-dev (pkg),tokenbound,1.875,0.0
wagmi-dev (pkg),trusted-seed,1.7999999999999998,0.0
wagmi-dev (pkg),turbo-eth,1.641025641025641,0.0
wagmi-dev (pkg),unlock-protocol,1.7241379310344827,0.0007231476629721386
wagmi-dev (pkg),upnodedev,0.8333333333333334,0.0
wagmi-dev (pkg),usecannon,1.7777777777777777,0.0
wagmi-dev (pkg),viaprize,2.2727272727272725,0.0
wagmi-dev (pkg),voteagora,0.8571428571428571,0.0
wagmi-dev (pkg),wagmi-dev,2.8235294117647056,0.0
wagmi-dev (pkg),wido,0.125,0.1448003254786234
wagmi-dev (pkg),wighawag,0.25,0.0
wagmi-dev (pkg),worldcoin,144.85714285714286,987.7747422465382
wagmi-dev (pkg),wtfacademy,4.0,0.0
wagmi-dev (pkg),yearn,16.39072847682119,0.8186522102515442
wagmi-dev (pkg),zora,59.488,0.593485214946459
web3 (pkg),0xbcamp,0.24242424242424243,0.0
web3 (pkg),1-inch,18.71345029239766,22.680968241249197
web3 (pkg),aave,1.4728033472803348,0.039381938412877765
web3 (pkg),abracadabra,0.4,0.01350880536038473
web3 (pkg),airgap-it,2.0,0.0
web3 (pkg),alchemix,0.20512820512820512,0.003717937557441874
web3 (pkg),alliance-bridge,0.3333333333333333,3.820654666666667e-06
web3 (pkg),aloe-ii,0.6153846153846154,0.0014147639236609727
web3 (pkg),angle-protocol,0.13186813186813187,0.026929513347205038
web3 (pkg),ankr-network,1.6666666666666665,0.0
web3 (pkg),arcadia-finance,0.4444444444444444,0.000960852480036696
web3 (pkg),atxdao,0.07692307692307693,0.0
web3 (pkg),axelar,1.3421052631578947,0.027050869942363498
web3 (pkg),band-protocol,14.7,0.00857506923726753
web3 (pkg),banklessdao,0.3333333333333333,0.0
web3 (pkg),beefy-finance,15.673469387755102,2.4182780957538945
web3 (pkg),biconomy,3.7121212121212124,0.30725978041747304
web3 (pkg),bitkeep,0.0,0.013355557593178635
web3 (pkg),blocknative,1.6666666666666667,0.0
web3 (pkg),buidlguidl,0.08496732026143791,0.0
web3 (pkg),celer,0.0,0.25013489510337983
web3 (pkg),commons-stack,0.5625,0.0
web3 (pkg),connext,0.26666666666666666,0.19133115932517591
web3 (pkg),curve,3.96,0.6501034592629481
web3 (pkg),d-hedge,0.0,0.04487545806130361
web3 (pkg),dapp-learning-dao,0.0967741935483871,0.0
web3 (pkg),dappnode,1.0483870967741935,0.0
web3 (pkg),dappykit,0.15000000000000002,0.0
web3 (pkg),debridge-finance,0.6153846153846154,0.0
web3 (pkg),decommas,0.07692307692307693,0.0
web3 (pkg),defi-llama,3.5581395348837206,0.05383335957441365
web3 (pkg),dforce-network,0.0,0.43581683472845467
web3 (pkg),dm3-protocol,0.2,0.0
web3 (pkg),edgeapp,2.3333333333333335,0.0
web3 (pkg),elk-finance,0.05555555555555555,0.004506723637244577
web3 (pkg),ethereansos,0.6428571428571428,0.0
web3 (pkg),ethers-io,0.16666666666666666,0.0
web3 (pkg),filosofiacodigo,0.058823529411764705,0.0
web3 (pkg),fraxfinance,0.06666666666666667,0.032123807786206805
web3 (pkg),gelato,0.05542725173210162,0.019314375454995668
web3 (pkg),geo-web,0.029411764705882353,0.00013214944437512749
web3 (pkg),gitcoin,4.114285714285714,0.18501747763579685
web3 (pkg),givestation,0.4,0.0
web3 (pkg),giveth,3.6585365853658534,0.0
web3 (pkg),grindery-io,0.9210526315789473,0.0
web3 (pkg),hamster-shared,1.8823529411764706,0.0
web3 (pkg),holograph,2.962962962962963,0.6437027520088854
web3 (pkg),hop-protocol,0.08888888888888889,0.006562034200451224
web3 (pkg),hypercerts,0.21052631578947367,0.023872297367497717
web3 (pkg),idle-finance,0.351063829787234,0.0
web3 (pkg),insta-dapp,7.466666666666668,0.06071890406386113
web3 (pkg),inverse-finance,0.6136363636363635,2.999435318181818e-06
web3 (pkg),iron-bank,0.020833333333333332,0.001114045130325157
web3 (pkg),itu-blockchain,0.18,0.0
web3 (pkg),jarvis-network,0.3333333333333333,3.1347916143000003e-06
web3 (pkg),kernel-community,0.05,0.0
web3 (pkg),kyber-swap,22.01086956521739,6.79040254068961
web3 (pkg),layer-zero,0.08759124087591241,2.8844033926664006
web3 (pkg),lido,1.7777777777777777,0.0029827969735378313
web3 (pkg),limechain,0.625,0.0
web3 (pkg),liquity,0.19047619047619047,0.0
web3 (pkg),lodestar-chainsafe,3.0,0.0
web3 (pkg),maker-dao,123.76237623762377,0.0
web3 (pkg),metagame-metafam,0.375,0.0
web3 (pkg),metagov,1.5,0.0
web3 (pkg),metamask,69.0,2.370064790832015
web3 (pkg),metronome-autonomoussoftware,2.0,0.0
web3 (pkg),nethermindeth,1.368421052631579,0.0
web3 (pkg),oceanprotocol,2.542372881355932,0.0
web3 (pkg),olympus,0.5853658536585366,1.0941175609756098e-06
web3 (pkg),open-sea,11.940298507462686,1.655647297010287
web3 (pkg),openzeppelin,2.604651162790698,0.0
web3 (pkg),orbiter-finance,12.857142857142856,0.01110167769992105
web3 (pkg),overnight,1.5238095238095237,1.0875173570614212
web3 (pkg),paraswap,15.428571428571427,4.086960393924271
web3 (pkg),pendle-finance,0.06557377049180328,0.0
web3 (pkg),perpetual-protocol,0.14814814814814814,8.822417894668044
web3 (pkg),pika-protocol,0.7575757575757576,3.096582267385896
web3 (pkg),pokt-network,1.6666666666666667,0.0
web3 (pkg),pool-together,0.01699029126213592,0.002481696077237041
web3 (pkg),protocol-guild,29.162162162162165,0.0
web3 (pkg),questbook,0.2,0.0
web3 (pkg),quix,0.0,0.03409367047845541
web3 (pkg),rareskills,0.03773584905660377,0.0
web3 (pkg),redstone-finance,0.04477611940298507,0.0
web3 (pkg),remix-project,0.9,0.0
web3 (pkg),rigo-block,3.571428571428571,0.0004219562392857143
web3 (pkg),rocket-pool,14.08695652173913,0.0
web3 (pkg),router-protocol,1.1789473684210525,0.10190516193631506
web3 (pkg),rubicon,0.96,0.12940449095861378
web3 (pkg),sablier,0.8421052631578947,0.001851788432456908
web3 (pkg),safe-global,4.0754716981132075,6.850030639412482
web3 (pkg),set-protocol,3.515625,0.3080032724677305
web3 (pkg),shapeshift,0.5217391304347826,0.0
web3 (pkg),sherlock-audit,0.16908212560386474,0.0
web3 (pkg),snapshot-labs,0.41379310344827586,0.0
web3 (pkg),sonne-finance,0.0,0.09703969392822574
web3 (pkg),sound-xyz,0.2222222222222222,0.12607313770946554
web3 (pkg),sourcify-ethereum,1.0,0.0
web3 (pkg),summer-fi,22.5,0.005030036729612192
web3 (pkg),superfluid,1.125,0.01121068153439104
web3 (pkg),sushi,1.3846153846153846,0.24268291107632742
web3 (pkg),symbiosis-finance,0.26666666666666666,0.02964419330619902
web3 (pkg),synthetix,2.1132075471698113,1.75155502110454
web3 (pkg),taho-wallet,0.6153846153846154,0.0
web3 (pkg),tarot-finance,0.0,0.753734211768516
web3 (pkg),thales,11.414634146341463,7.194630766957019
web3 (pkg),third-web,0.23076923076923078,0.005933046864994437
web3 (pkg),uniswap,0.22916666666666666,0.2403840442711329
web3 (pkg),vesper,0.26666666666666666,0.26121822148870744
web3 (pkg),viaprize,0.45454545454545453,0.0
web3 (pkg),voteagora,0.42857142857142855,0.0
web3 (pkg),warden-swap,0.0,0.0105355303638142
web3 (pkg),wido,0.03125,0.03620008136965585
web3 (pkg),wormhole,0.4,0.004621986266603255
web3 (pkg),yearn,16.39072847682119,0.8186522102515442
web3 (pkg),zerion,1.6842105263157894,0.4241816998060046
web3 (pkg),zeroex,0.0,7.797766985969775
web3 (pkg),zora,0.352,0.003511746834002716
wighawag (pkg),0x-splits,0.2857142857142857,0.00023719925196669008
wighawag (pkg),0xbcamp,0.24242424242424243,0.0
wighawag (pkg),1-inch,20.63157894736842,25.00576748597724
wighawag (pkg),aave,7.456066945606695,0.19937106321519368
wighawag (pkg),abracadabra,0.4,0.01350880536038473
wighawag (pkg),across,1.8983050847457628,1.2378861859575985
wighawag (pkg),adrastia-oracle,0.038461538461538464,0.018049981396419494
wighawag (pkg),aktionariat,0.16666666666666666,8.333332525912699e-05
wighawag (pkg),alchemix,0.8205128205128205,0.014871750229767496
wighawag (pkg),angle-protocol,7.417582417582418,1.5147851257802833
wighawag (pkg),arrakis-finance,1.7066666666666668,0.11093968365554055
wighawag (pkg),atxdao,0.07692307692307693,0.0
wighawag (pkg),axelar,1.3421052631578947,0.027050869942363498
wighawag (pkg),beethoven-x,2.9166666666666665,1.1140197465150694
wighawag (pkg),biconomy,0.30303030303030304,0.025082431054487597
wighawag (pkg),buidlguidl,1.5294117647058825,0.0
wighawag (pkg),celer,0.0,0.19763744798291738
wighawag (pkg),commons-stack,0.28125,0.0
wighawag (pkg),connext,6.666666666666667,4.783278983129398
wighawag (pkg),coordinape,0.5,0.04396625800629332
wighawag (pkg),curve,0.44,0.07223371769588312
wighawag (pkg),dapp-learning-dao,0.1935483870967742,0.0
wighawag (pkg),de-bank,1.9,0.014207559326017744
wighawag (pkg),debridge-finance,0.06153846153846154,0.0
wighawag (pkg),decommas,0.07692307692307693,0.0
wighawag (pkg),defi-llama,1.5813953488372092,0.02392593758862829
wighawag (pkg),defi-wonderland,0.08695652173913043,0.0
wighawag (pkg),dexkit,0.05405405405405406,0.0
wighawag (pkg),dm3-protocol,0.2,0.0
wighawag (pkg),eth-infinitism-account-abstraction,0.14285714285714285,0.0
wighawag (pkg),ethereum-attestation-service,0.125,0.0
wighawag (pkg),exactly,1.4193548387096775,0.14455511775047705
wighawag (pkg),flipside-crypto,8.258064516129032,0.0027497506923710785
wighawag (pkg),fraxfinance,0.06666666666666667,0.032123807786206805
wighawag (pkg),fuji-finance,0.7407407407407407,0.01905333818452756
wighawag (pkg),gelato,34.64203233256351,12.071484659372292
wighawag (pkg),geo-web,0.029411764705882353,0.00013214944437512749
wighawag (pkg),gitcoin,6.428571428571428,0.28908980880593255
wighawag (pkg),giveth,0.14634146341463414,0.0
wighawag (pkg),grindery-io,0.2631578947368421,0.0
wighawag (pkg),hop-protocol,0.08888888888888889,0.006562034200451224
wighawag (pkg),idle-finance,0.031914893617021274,0.0
wighawag (pkg),insta-dapp,0.9523809523809524,0.007744758171410859
wighawag (pkg),iron-bank,0.75,0.04010562469170566
wighawag (pkg),itu-blockchain,0.18,0.0
wighawag (pkg),kernel-community,0.125,0.0
wighawag (pkg),kwenta,1.0256410256410255,2.3135840434269257
wighawag (pkg),latticexyz,0.23809523809523808,0.0
wighawag (pkg),layer-zero,6.328467153284672,208.39814512014743
wighawag (pkg),lifinance,0.5833333333333334,3.2501555833333335e-06
wighawag (pkg),mean-finance,0.5378151260504201,0.00026504346466137856
wighawag (pkg),metronome-autonomoussoftware,0.125,0.0
wighawag (pkg),mummy-finance,0.0,0.775107521289624
wighawag (pkg),nested,0.0,0.10726748934863194
wighawag (pkg),olympus,0.5853658536585366,1.0941175609756098e-06
wighawag (pkg),op,2.4,0.991905129860916
wighawag (pkg),openzeppelin,0.10852713178294573,0.0
wighawag (pkg),opti-domains,0.06451612903225806,0.0
wighawag (pkg),overnight,1.5238095238095237,1.0875173570614212
wighawag (pkg),perpetual-protocol,0.3333333333333333,19.8504402630031
wighawag (pkg),pickle-finance,0.0,0.018964535673210527
wighawag (pkg),polynomial-protocol,0.0,0.03162885579852942
wighawag (pkg),polysensus-chaintrap,0.3333333333333333,0.0
wighawag (pkg),pool-together,20.813106796116504,3.040077694615375
wighawag (pkg),qidao-mai-finance,0.0625,0.01003768948577608
wighawag (pkg),questbook,0.04,0.0
wighawag (pkg),rango-exchange,0.7777777777777778,0.0013784996343240905
wighawag (pkg),redstone-finance,0.13432835820895522,0.0
wighawag (pkg),rigo-block,0.14285714285714285,1.6878249571428573e-05
wighawag (pkg),router-protocol,0.6631578947368421,0.05732165358917722
wighawag (pkg),rubicon,0.24,0.032351122739653446
wighawag (pkg),saddle-finance,0.05,0.0001884377712087919
wighawag (pkg),safe-global,16.30188679245283,27.40012255764993
wighawag (pkg),set-protocol,0.25,0.021902454931038616
wighawag (pkg),shapeshift,0.6521739130434783,0.0
wighawag (pkg),sherlock-audit,0.21739130434782608,0.0
wighawag (pkg),show-karma,0.3333333333333333,0.0
wighawag (pkg),shutter-network,0.5,0.0
wighawag (pkg),socket,2.5098039215686274,1.7172184196818456
wighawag (pkg),sonne-finance,0.0,0.8733572453540317
wighawag (pkg),stackup,0.05,5.9572860821e-09
wighawag (pkg),stargate-finance,0.0,15.449924296909348
wighawag (pkg),steer-protocol,0.0,0.011807002680008064
wighawag (pkg),superfluid,1.125,0.01121068153439104
wighawag (pkg),sushi,24.03846153846154,4.213244983964017
wighawag (pkg),synapse,0.3333333333333333,0.02579921255746056
wighawag (pkg),threshold-network,2.25,0.023446619722860964
wighawag (pkg),turbo-eth,0.15384615384615385,0.0
wighawag (pkg),unlock-protocol,0.27586206896551724,0.00011570362607554217
wighawag (pkg),upnodedev,0.5555555555555556,0.0
wighawag (pkg),vesper,0.8166666666666667,0.7999808033091665
wighawag (pkg),wido,0.03125,0.03620008136965585
wighawag (pkg),yearn,2.622516556291391,0.13098435364024708
wighawag (pkg),zora,2.1999999999999997,0.021948417712516974
